serie,data,valor,frequencia,unidade
cdi,2021-08-19,0.01993,diaria,% ao dia
cdi,2021-08-20,0.01993,diaria,% ao dia
cdi,2021-08-23,0.01993,diaria,% ao dia
cdi,2021-08-24,0.01993,diaria,% ao dia
cdi,2021-08-25,0.01993,diaria,% ao dia
cdi,2021-08-26,0.01993,diaria,% ao dia
cdi,2021-08-27,0.01993,diaria,% ao dia
cdi,2021-08-30,0.01993,diaria,% ao dia
cdi,2021-08-31,0.01993,diaria,% ao dia
cdi,2021-09-01,0.01993,diaria,% ao dia
cdi,2021-09-02,0.01993,diaria,% ao dia
cdi,2021-09-03,0.01993,diaria,% ao dia
cdi,2021-09-06,0.01993,diaria,% ao dia
cdi,2021-09-08,0.01993,diaria,% ao dia
cdi,2021-09-09,0.01993,diaria,% ao dia
cdi,2021-09-10,0.01993,diaria,% ao dia
cdi,2021-09-13,0.01993,diaria,% ao dia
cdi,2021-09-14,0.01993,diaria,% ao dia
cdi,2021-09-15,0.01993,diaria,% ao dia
cdi,2021-09-16,0.01993,diaria,% ao dia
cdi,2021-09-17,0.01993,diaria,% ao dia
cdi,2021-09-20,0.01993,diaria,% ao dia
cdi,2021-09-21,0.01993,diaria,% ao dia
cdi,2021-09-22,0.01993,diaria,% ao dia
cdi,2021-09-23,0.023687,diaria,% ao dia
cdi,2021-09-24,0.023687,diaria,% ao dia
cdi,2021-09-27,0.023687,diaria,% ao dia
cdi,2021-09-28,0.023687,diaria,% ao dia
cdi,2021-09-29,0.023687,diaria,% ao dia
cdi,2021-09-30,0.023687,diaria,% ao dia
cdi,2021-10-01,0.023687,diaria,% ao dia
cdi,2021-10-04,0.023687,diaria,% ao dia
cdi,2021-10-05,0.023687,diaria,% ao dia
cdi,2021-10-06,0.023687,diaria,% ao dia
cdi,2021-10-07,0.023687,diaria,% ao dia
cdi,2021-10-08,0.023687,diaria,% ao dia
cdi,2021-10-11,0.023687,diaria,% ao dia
cdi,2021-10-13,0.023687,diaria,% ao dia
cdi,2021-10-14,0.023687,diaria,% ao dia
cdi,2021-10-15,0.023687,diaria,% ao dia
cdi,2021-10-18,0.023687,diaria,% ao dia
cdi,2021-10-19,0.023687,diaria,% ao dia
cdi,2021-10-20,0.023687,diaria,% ao dia
cdi,2021-10-21,0.023687,diaria,% ao dia
cdi,2021-10-22,0.023687,diaria,% ao dia
cdi,2021-10-25,0.023687,diaria,% ao dia
cdi,2021-10-26,0.023687,diaria,% ao dia
cdi,2021-10-27,0.023687,diaria,% ao dia
cdi,2021-10-28,0.029256,diaria,% ao dia
cdi,2021-10-29,0.029256,diaria,% ao dia
cdi,2021-11-01,0.029256,diaria,% ao dia
cdi,2021-11-03,0.029256,diaria,% ao dia
cdi,2021-11-04,0.029256,diaria,% ao dia
cdi,2021-11-05,0.029256,diaria,% ao dia
cdi,2021-11-08,0.029256,diaria,% ao dia
cdi,2021-11-09,0.029256,diaria,% ao dia
cdi,2021-11-10,0.029256,diaria,% ao dia
cdi,2021-11-11,0.029256,diaria,% ao dia
cdi,2021-11-12,0.029256,diaria,% ao dia
cdi,2021-11-16,0.029256,diaria,% ao dia
cdi,2021-11-17,0.029256,diaria,% ao dia
cdi,2021-11-18,0.029256,diaria,% ao dia
cdi,2021-11-19,0.029256,diaria,% ao dia
cdi,2021-11-22,0.029256,diaria,% ao dia
cdi,2021-11-23,0.029256,diaria,% ao dia
cdi,2021-11-24,0.029256,diaria,% ao dia
cdi,2021-11-25,0.029256,diaria,% ao dia
cdi,2021-11-26,0.029256,diaria,% ao dia
cdi,2021-11-29,0.029256,diaria,% ao dia
cdi,2021-11-30,0.029256,diaria,% ao dia
cdi,2021-12-01,0.029256,diaria,% ao dia
cdi,2021-12-02,0.029256,diaria,% ao dia
cdi,2021-12-03,0.029256,diaria,% ao dia
cdi,2021-12-06,0.029256,diaria,% ao dia
cdi,2021-12-07,0.029256,diaria,% ao dia
cdi,2021-12-08,0.029256,diaria,% ao dia
cdi,2021-12-09,0.034749,diaria,% ao dia
cdi,2021-12-10,0.034749,diaria,% ao dia
cdi,2021-12-13,0.034749,diaria,% ao dia
cdi,2021-12-14,0.034749,diaria,% ao dia
cdi,2021-12-15,0.034749,diaria,% ao dia
cdi,2021-12-16,0.034749,diaria,% ao dia
cdi,2021-12-17,0.034749,diaria,% ao dia
cdi,2021-12-20,0.034749,diaria,% ao dia
cdi,2021-12-21,0.034749,diaria,% ao dia
cdi,2021-12-22,0.034749,diaria,% ao dia
cdi,2021-12-23,0.034749,diaria,% ao dia
cdi,2021-12-24,0.034749,diaria,% ao dia
cdi,2021-12-27,0.034749,diaria,% ao dia
cdi,2021-12-28,0.034749,diaria,% ao dia
cdi,2021-12-29,0.034749,diaria,% ao dia
cdi,2021-12-30,0.034749,diaria,% ao dia
cdi,2021-12-31,0.034749,diaria,% ao dia
cdi,2022-01-03,0.034749,diaria,% ao dia
cdi,2022-01-04,0.034749,diaria,% ao dia
cdi,2022-01-05,0.034749,diaria,% ao dia
cdi,2022-01-06,0.034749,diaria,% ao dia
cdi,2022-01-07,0.034749,diaria,% ao dia
cdi,2022-01-10,0.034749,diaria,% ao dia
cdi,2022-01-11,0.034749,diaria,% ao dia
cdi,2022-01-12,0.034749,diaria,% ao dia
cdi,2022-01-13,0.034749,diaria,% ao dia
cdi,2022-01-14,0.034749,diaria,% ao dia
cdi,2022-01-17,0.034749,diaria,% ao dia
cdi,2022-01-18,0.034749,diaria,% ao dia
cdi,2022-01-19,0.034749,diaria,% ao dia
cdi,2022-01-20,0.034749,diaria,% ao dia
cdi,2022-01-21,0.034749,diaria,% ao dia
cdi,2022-01-24,0.034749,diaria,% ao dia
cdi,2022-01-25,0.034749,diaria,% ao dia
cdi,2022-01-26,0.034749,diaria,% ao dia
cdi,2022-01-27,0.034749,diaria,% ao dia
cdi,2022-01-28,0.034749,diaria,% ao dia
cdi,2022-01-31,0.034749,diaria,% ao dia
cdi,2022-02-01,0.034749,diaria,% ao dia
cdi,2022-02-02,0.034749,diaria,% ao dia
cdi,2022-02-03,0.040168,diaria,% ao dia
cdi,2022-02-04,0.040168,diaria,% ao dia
cdi,2022-02-07,0.040168,diaria,% ao dia
cdi,2022-02-08,0.040168,diaria,% ao dia
cdi,2022-02-09,0.040168,diaria,% ao dia
cdi,2022-02-10,0.040168,diaria,% ao dia
cdi,2022-02-11,0.040168,diaria,% ao dia
cdi,2022-02-14,0.040168,diaria,% ao dia
cdi,2022-02-15,0.040168,diaria,% ao dia
cdi,2022-02-16,0.040168,diaria,% ao dia
cdi,2022-02-17,0.040168,diaria,% ao dia
cdi,2022-02-18,0.040168,diaria,% ao dia
cdi,2022-02-21,0.040168,diaria,% ao dia
cdi,2022-02-22,0.040168,diaria,% ao dia
cdi,2022-02-23,0.040168,diaria,% ao dia
cdi,2022-02-24,0.040168,diaria,% ao dia
cdi,2022-02-25,0.040168,diaria,% ao dia
cdi,2022-03-02,0.040168,diaria,% ao dia
cdi,2022-03-03,0.040168,diaria,% ao dia
cdi,2022-03-04,0.040168,diaria,% ao dia
cdi,2022-03-07,0.040168,diaria,% ao dia
cdi,2022-03-08,0.040168,diaria,% ao dia
cdi,2022-03-09,0.040168,diaria,% ao dia
cdi,2022-03-10,0.040168,diaria,% ao dia
cdi,2022-03-11,0.040168,diaria,% ao dia
cdi,2022-03-14,0.040168,diaria,% ao dia
cdi,2022-03-15,0.040168,diaria,% ao dia
cdi,2022-03-16,0.040168,diaria,% ao dia
cdi,2022-03-17,0.043739,diaria,% ao dia
cdi,2022-03-18,0.043739,diaria,% ao dia
cdi,2022-03-21,0.043739,diaria,% ao dia
cdi,2022-03-22,0.043739,diaria,% ao dia
cdi,2022-03-23,0.043739,diaria,% ao dia
cdi,2022-03-24,0.043739,diaria,% ao dia
cdi,2022-03-25,0.043739,diaria,% ao dia
cdi,2022-03-28,0.043739,diaria,% ao dia
cdi,2022-03-29,0.043739,diaria,% ao dia
cdi,2022-03-30,0.043739,diaria,% ao dia
cdi,2022-03-31,0.043739,diaria,% ao dia
cdi,2022-04-01,0.043739,diaria,% ao dia
cdi,2022-04-04,0.043739,diaria,% ao dia
cdi,2022-04-05,0.043739,diaria,% ao dia
cdi,2022-04-06,0.043739,diaria,% ao dia
cdi,2022-04-07,0.043739,diaria,% ao dia
cdi,2022-04-08,0.043739,diaria,% ao dia
cdi,2022-04-11,0.043739,diaria,% ao dia
cdi,2022-04-12,0.043739,diaria,% ao dia
cdi,2022-04-13,0.043739,diaria,% ao dia
cdi,2022-04-14,0.043739,diaria,% ao dia
cdi,2022-04-18,0.043739,diaria,% ao dia
cdi,2022-04-19,0.043739,diaria,% ao dia
cdi,2022-04-20,0.043739,diaria,% ao dia
cdi,2022-04-22,0.043739,diaria,% ao dia
cdi,2022-04-25,0.043739,diaria,% ao dia
cdi,2022-04-26,0.043739,diaria,% ao dia
cdi,2022-04-27,0.043739,diaria,% ao dia
cdi,2022-04-28,0.043739,diaria,% ao dia
cdi,2022-04-29,0.043739,diaria,% ao dia
cdi,2022-05-02,0.043739,diaria,% ao dia
cdi,2022-05-03,0.043739,diaria,% ao dia
cdi,2022-05-04,0.043739,diaria,% ao dia
cdi,2022-05-05,0.047279,diaria,% ao dia
cdi,2022-05-06,0.047279,diaria,% ao dia
cdi,2022-05-09,0.047279,diaria,% ao dia
cdi,2022-05-10,0.047279,diaria,% ao dia
cdi,2022-05-11,0.047279,diaria,% ao dia
cdi,2022-05-12,0.047279,diaria,% ao dia
cdi,2022-05-13,0.047279,diaria,% ao dia
cdi,2022-05-16,0.047279,diaria,% ao dia
cdi,2022-05-17,0.047279,diaria,% ao dia
cdi,2022-05-18,0.047279,diaria,% ao dia
cdi,2022-05-19,0.047279,diaria,% ao dia
cdi,2022-05-20,0.047279,diaria,% ao dia
cdi,2022-05-23,0.047279,diaria,% ao dia
cdi,2022-05-24,0.047279,diaria,% ao dia
cdi,2022-05-25,0.047279,diaria,% ao dia
cdi,2022-05-26,0.047279,diaria,% ao dia
cdi,2022-05-27,0.047279,diaria,% ao dia
cdi,2022-05-30,0.047279,diaria,% ao dia
cdi,2022-05-31,0.047279,diaria,% ao dia
cdi,2022-06-01,0.047279,diaria,% ao dia
cdi,2022-06-02,0.047279,diaria,% ao dia
cdi,2022-06-03,0.047279,diaria,% ao dia
cdi,2022-06-06,0.047279,diaria,% ao dia
cdi,2022-06-07,0.047279,diaria,% ao dia
cdi,2022-06-08,0.047279,diaria,% ao dia
cdi,2022-06-09,0.047279,diaria,% ao dia
cdi,2022-06-10,0.047279,diaria,% ao dia
cdi,2022-06-13,0.047279,diaria,% ao dia
cdi,2022-06-14,0.047279,diaria,% ao dia
cdi,2022-06-15,0.047279,diaria,% ao dia
cdi,2022-06-17,0.049037,diaria,% ao dia
cdi,2022-06-20,0.049037,diaria,% ao dia
cdi,2022-06-21,0.049037,diaria,% ao dia
cdi,2022-06-22,0.049037,diaria,% ao dia
cdi,2022-06-23,0.049037,diaria,% ao dia
cdi,2022-06-24,0.049037,diaria,% ao dia
cdi,2022-06-27,0.049037,diaria,% ao dia
cdi,2022-06-28,0.049037,diaria,% ao dia
cdi,2022-06-29,0.049037,diaria,% ao dia
cdi,2022-06-30,0.049037,diaria,% ao dia
cdi,2022-07-01,0.049037,diaria,% ao dia
cdi,2022-07-04,0.049037,diaria,% ao dia
cdi,2022-07-05,0.049037,diaria,% ao dia
cdi,2022-07-06,0.049037,diaria,% ao dia
cdi,2022-07-07,0.049037,diaria,% ao dia
cdi,2022-07-08,0.049037,diaria,% ao dia
cdi,2022-07-11,0.049037,diaria,% ao dia
cdi,2022-07-12,0.049037,diaria,% ao dia
cdi,2022-07-13,0.049037,diaria,% ao dia
cdi,2022-07-14,0.049037,diaria,% ao dia
cdi,2022-07-15,0.049037,diaria,% ao dia
cdi,2022-07-18,0.049037,diaria,% ao dia
cdi,2022-07-19,0.049037,diaria,% ao dia
cdi,2022-07-20,0.049037,diaria,% ao dia
cdi,2022-07-21,0.049037,diaria,% ao dia
cdi,2022-07-22,0.049037,diaria,% ao dia
cdi,2022-07-25,0.049037,diaria,% ao dia
cdi,2022-07-26,0.049037,diaria,% ao dia
cdi,2022-07-27,0.049037,diaria,% ao dia
cdi,2022-07-28,0.049037,diaria,% ao dia
cdi,2022-07-29,0.049037,diaria,% ao dia
cdi,2022-08-01,0.049037,diaria,% ao dia
cdi,2022-08-02,0.049037,diaria,% ao dia
cdi,2022-08-03,0.049037,diaria,% ao dia
cdi,2022-08-04,0.050788,diaria,% ao dia
cdi,2022-08-05,0.050788,diaria,% ao dia
cdi,2022-08-08,0.050788,diaria,% ao dia
cdi,2022-08-09,0.050788,diaria,% ao dia
cdi,2022-08-10,0.050788,diaria,% ao dia
cdi,2022-08-11,0.050788,diaria,% ao dia
cdi,2022-08-12,0.050788,diaria,% ao dia
cdi,2022-08-15,0.050788,diaria,% ao dia
cdi,2022-08-16,0.050788,diaria,% ao dia
cdi,2022-08-17,0.050788,diaria,% ao dia
cdi,2022-08-18,0.050788,diaria,% ao dia
cdi,2022-08-19,0.050788,diaria,% ao dia
cdi,2022-08-22,0.050788,diaria,% ao dia
cdi,2022-08-23,0.050788,diaria,% ao dia
cdi,2022-08-24,0.050788,diaria,% ao dia
cdi,2022-08-25,0.050788,diaria,% ao dia
cdi,2022-08-26,0.050788,diaria,% ao dia
cdi,2022-08-29,0.050788,diaria,% ao dia
cdi,2022-08-30,0.050788,diaria,% ao dia
cdi,2022-08-31,0.050788,diaria,% ao dia
cdi,2022-09-01,0.050788,diaria,% ao dia
cdi,2022-09-02,0.050788,diaria,% ao dia
cdi,2022-09-05,0.050788,diaria,% ao dia
cdi,2022-09-06,0.050788,diaria,% ao dia
cdi,2022-09-08,0.050788,diaria,% ao dia
cdi,2022-09-09,0.050788,diaria,% ao dia
cdi,2022-09-12,0.050788,diaria,% ao dia
cdi,2022-09-13,0.050788,diaria,% ao dia
cdi,2022-09-14,0.050788,diaria,% ao dia
cdi,2022-09-15,0.050788,diaria,% ao dia
cdi,2022-09-16,0.050788,diaria,% ao dia
cdi,2022-09-19,0.050788,diaria,% ao dia
cdi,2022-09-20,0.050788,diaria,% ao dia
cdi,2022-09-21,0.050788,diaria,% ao dia
cdi,2022-09-22,0.050788,diaria,% ao dia
cdi,2022-09-23,0.050788,diaria,% ao dia
cdi,2022-09-26,0.050788,diaria,% ao dia
cdi,2022-09-27,0.050788,diaria,% ao dia
cdi,2022-09-28,0.050788,diaria,% ao dia
cdi,2022-09-29,0.050788,diaria,% ao dia
cdi,2022-09-30,0.050788,diaria,% ao dia
cdi,2022-10-03,0.050788,diaria,% ao dia
cdi,2022-10-04,0.050788,diaria,% ao dia
cdi,2022-10-05,0.050788,diaria,% ao dia
cdi,2022-10-06,0.050788,diaria,% ao dia
cdi,2022-10-07,0.050788,diaria,% ao dia
cdi,2022-10-10,0.050788,diaria,% ao dia
cdi,2022-10-11,0.050788,diaria,% ao dia
cdi,2022-10-13,0.050788,diaria,% ao dia
cdi,2022-10-14,0.050788,diaria,% ao dia
cdi,2022-10-17,0.050788,diaria,% ao dia
cdi,2022-10-18,0.050788,diaria,% ao dia
cdi,2022-10-19,0.050788,diaria,% ao dia
cdi,2022-10-20,0.050788,diaria,% ao dia
cdi,2022-10-21,0.050788,diaria,% ao dia
cdi,2022-10-24,0.050788,diaria,% ao dia
cdi,2022-10-25,0.050788,diaria,% ao dia
cdi,2022-10-26,0.050788,diaria,% ao dia
cdi,2022-10-27,0.050788,diaria,% ao dia
cdi,2022-10-28,0.050788,diaria,% ao dia
cdi,2022-10-31,0.050788,diaria,% ao dia
cdi,2022-11-01,0.050788,diaria,% ao dia
cdi,2022-11-03,0.050788,diaria,% ao dia
cdi,2022-11-04,0.050788,diaria,% ao dia
cdi,2022-11-07,0.050788,diaria,% ao dia
cdi,2022-11-08,0.050788,diaria,% ao dia
cdi,2022-11-09,0.050788,diaria,% ao dia
cdi,2022-11-10,0.050788,diaria,% ao dia
cdi,2022-11-11,0.050788,diaria,% ao dia
cdi,2022-11-14,0.050788,diaria,% ao dia
cdi,2022-11-16,0.050788,diaria,% ao dia
cdi,2022-11-17,0.050788,diaria,% ao dia
cdi,2022-11-18,0.050788,diaria,% ao dia
cdi,2022-11-21,0.050788,diaria,% ao dia
cdi,2022-11-22,0.050788,diaria,% ao dia
cdi,2022-11-23,0.050788,diaria,% ao dia
cdi,2022-11-24,0.050788,diaria,% ao dia
cdi,2022-11-25,0.050788,diaria,% ao dia
cdi,2022-11-28,0.050788,diaria,% ao dia
cdi,2022-11-29,0.050788,diaria,% ao dia
cdi,2022-11-30,0.050788,diaria,% ao dia
cdi,2022-12-01,0.050788,diaria,% ao dia
cdi,2022-12-02,0.050788,diaria,% ao dia
cdi,2022-12-05,0.050788,diaria,% ao dia
cdi,2022-12-06,0.050788,diaria,% ao dia
cdi,2022-12-07,0.050788,diaria,% ao dia
cdi,2022-12-08,0.050788,diaria,% ao dia
cdi,2022-12-09,0.050788,diaria,% ao dia
cdi,2022-12-12,0.050788,diaria,% ao dia
cdi,2022-12-13,0.050788,diaria,% ao dia
cdi,2022-12-14,0.050788,diaria,% ao dia
cdi,2022-12-15,0.050788,diaria,% ao dia
cdi,2022-12-16,0.050788,diaria,% ao dia
cdi,2022-12-19,0.050788,diaria,% ao dia
cdi,2022-12-20,0.050788,diaria,% ao dia
cdi,2022-12-21,0.050788,diaria,% ao dia
cdi,2022-12-22,0.050788,diaria,% ao dia
cdi,2022-12-23,0.050788,diaria,% ao dia
cdi,2022-12-26,0.050788,diaria,% ao dia
cdi,2022-12-27,0.050788,diaria,% ao dia
cdi,2022-12-28,0.050788,diaria,% ao dia
cdi,2022-12-29,0.050788,diaria,% ao dia
cdi,2022-12-30,0.050788,diaria,% ao dia
cdi,2023-01-02,0.050788,diaria,% ao dia
cdi,2023-01-03,0.050788,diaria,% ao dia
cdi,2023-01-04,0.050788,diaria,% ao dia
cdi,2023-01-05,0.050788,diaria,% ao dia
cdi,2023-01-06,0.050788,diaria,% ao dia
cdi,2023-01-09,0.050788,diaria,% ao dia
cdi,2023-01-10,0.050788,diaria,% ao dia
cdi,2023-01-11,0.050788,diaria,% ao dia
cdi,2023-01-12,0.050788,diaria,% ao dia
cdi,2023-01-13,0.050788,diaria,% ao dia
cdi,2023-01-16,0.050788,diaria,% ao dia
cdi,2023-01-17,0.050788,diaria,% ao dia
cdi,2023-01-18,0.050788,diaria,% ao dia
cdi,2023-01-19,0.050788,diaria,% ao dia
cdi,2023-01-20,0.050788,diaria,% ao dia
cdi,2023-01-23,0.050788,diaria,% ao dia
cdi,2023-01-24,0.050788,diaria,% ao dia
cdi,2023-01-25,0.050788,diaria,% ao dia
cdi,2023-01-26,0.050788,diaria,% ao dia
cdi,2023-01-27,0.050788,diaria,% ao dia
cdi,2023-01-30,0.050788,diaria,% ao dia
cdi,2023-01-31,0.050788,diaria,% ao dia
cdi,2023-02-01,0.050788,diaria,% ao dia
cdi,2023-02-02,0.050788,diaria,% ao dia
cdi,2023-02-03,0.050788,diaria,% ao dia
cdi,2023-02-06,0.050788,diaria,% ao dia
cdi,2023-02-07,0.050788,diaria,% ao dia
cdi,2023-02-08,0.050788,diaria,% ao dia
cdi,2023-02-09,0.050788,diaria,% ao dia
cdi,2023-02-10,0.050788,diaria,% ao dia
cdi,2023-02-13,0.050788,diaria,% ao dia
cdi,2023-02-14,0.050788,diaria,% ao dia
cdi,2023-02-15,0.050788,diaria,% ao dia
cdi,2023-02-16,0.050788,diaria,% ao dia
cdi,2023-02-17,0.050788,diaria,% ao dia
cdi,2023-02-22,0.050788,diaria,% ao dia
cdi,2023-02-23,0.050788,diaria,% ao dia
cdi,2023-02-24,0.050788,diaria,% ao dia
cdi,2023-02-27,0.050788,diaria,% ao dia
cdi,2023-02-28,0.050788,diaria,% ao dia
cdi,2023-03-01,0.050788,diaria,% ao dia
cdi,2023-03-02,0.050788,diaria,% ao dia
cdi,2023-03-03,0.050788,diaria,% ao dia
cdi,2023-03-06,0.050788,diaria,% ao dia
cdi,2023-03-07,0.050788,diaria,% ao dia
cdi,2023-03-08,0.050788,diaria,% ao dia
cdi,2023-03-09,0.050788,diaria,% ao dia
cdi,2023-03-10,0.050788,diaria,% ao dia
cdi,2023-03-13,0.050788,diaria,% ao dia
cdi,2023-03-14,0.050788,diaria,% ao dia
cdi,2023-03-15,0.050788,diaria,% ao dia
cdi,2023-03-16,0.050788,diaria,% ao dia
cdi,2023-03-17,0.050788,diaria,% ao dia
cdi,2023-03-20,0.050788,diaria,% ao dia
cdi,2023-03-21,0.050788,diaria,% ao dia
cdi,2023-03-22,0.050788,diaria,% ao dia
cdi,2023-03-23,0.050788,diaria,% ao dia
cdi,2023-03-24,0.050788,diaria,% ao dia
cdi,2023-03-27,0.050788,diaria,% ao dia
cdi,2023-03-28,0.050788,diaria,% ao dia
cdi,2023-03-29,0.050788,diaria,% ao dia
cdi,2023-03-30,0.050788,diaria,% ao dia
cdi,2023-03-31,0.050788,diaria,% ao dia
cdi,2023-04-03,0.050788,diaria,% ao dia
cdi,2023-04-04,0.050788,diaria,% ao dia
cdi,2023-04-05,0.050788,diaria,% ao dia
cdi,2023-04-06,0.050788,diaria,% ao dia
cdi,2023-04-10,0.050788,diaria,% ao dia
cdi,2023-04-11,0.050788,diaria,% ao dia
cdi,2023-04-12,0.050788,diaria,% ao dia
cdi,2023-04-13,0.050788,diaria,% ao dia
cdi,2023-04-14,0.050788,diaria,% ao dia
cdi,2023-04-17,0.050788,diaria,% ao dia
cdi,2023-04-18,0.050788,diaria,% ao dia
cdi,2023-04-19,0.050788,diaria,% ao dia
cdi,2023-04-20,0.050788,diaria,% ao dia
cdi,2023-04-24,0.050788,diaria,% ao dia
cdi,2023-04-25,0.050788,diaria,% ao dia
cdi,2023-04-26,0.050788,diaria,% ao dia
cdi,2023-04-27,0.050788,diaria,% ao dia
cdi,2023-04-28,0.050788,diaria,% ao dia
cdi,2023-05-02,0.050788,diaria,% ao dia
cdi,2023-05-03,0.050788,diaria,% ao dia
cdi,2023-05-04,0.050788,diaria,% ao dia
cdi,2023-05-05,0.050788,diaria,% ao dia
cdi,2023-05-08,0.050788,diaria,% ao dia
cdi,2023-05-09,0.050788,diaria,% ao dia
cdi,2023-05-10,0.050788,diaria,% ao dia
cdi,2023-05-11,0.050788,diaria,% ao dia
cdi,2023-05-12,0.050788,diaria,% ao dia
cdi,2023-05-15,0.050788,diaria,% ao dia
cdi,2023-05-16,0.050788,diaria,% ao dia
cdi,2023-05-17,0.050788,diaria,% ao dia
cdi,2023-05-18,0.050788,diaria,% ao dia
cdi,2023-05-19,0.050788,diaria,% ao dia
cdi,2023-05-22,0.050788,diaria,% ao dia
cdi,2023-05-23,0.050788,diaria,% ao dia
cdi,2023-05-24,0.050788,diaria,% ao dia
cdi,2023-05-25,0.050788,diaria,% ao dia
cdi,2023-05-26,0.050788,diaria,% ao dia
cdi,2023-05-29,0.050788,diaria,% ao dia
cdi,2023-05-30,0.050788,diaria,% ao dia
cdi,2023-05-31,0.050788,diaria,% ao dia
cdi,2023-06-01,0.050788,diaria,% ao dia
cdi,2023-06-02,0.050788,diaria,% ao dia
cdi,2023-06-05,0.050788,diaria,% ao dia
cdi,2023-06-06,0.050788,diaria,% ao dia
cdi,2023-06-07,0.050788,diaria,% ao dia
cdi,2023-06-09,0.050788,diaria,% ao dia
cdi,2023-06-12,0.050788,diaria,% ao dia
cdi,2023-06-13,0.050788,diaria,% ao dia
cdi,2023-06-14,0.050788,diaria,% ao dia
cdi,2023-06-15,0.050788,diaria,% ao dia
cdi,2023-06-16,0.050788,diaria,% ao dia
cdi,2023-06-19,0.050788,diaria,% ao dia
cdi,2023-06-20,0.050788,diaria,% ao dia
cdi,2023-06-21,0.050788,diaria,% ao dia
cdi,2023-06-22,0.050788,diaria,% ao dia
cdi,2023-06-23,0.050788,diaria,% ao dia
cdi,2023-06-26,0.050788,diaria,% ao dia
cdi,2023-06-27,0.050788,diaria,% ao dia
cdi,2023-06-28,0.050788,diaria,% ao dia
cdi,2023-06-29,0.050788,diaria,% ao dia
cdi,2023-06-30,0.050788,diaria,% ao dia
cdi,2023-07-03,0.050788,diaria,% ao dia
cdi,2023-07-04,0.050788,diaria,% ao dia
cdi,2023-07-05,0.050788,diaria,% ao dia
cdi,2023-07-06,0.050788,diaria,% ao dia
cdi,2023-07-07,0.050788,diaria,% ao dia
cdi,2023-07-10,0.050788,diaria,% ao dia
cdi,2023-07-11,0.050788,diaria,% ao dia
cdi,2023-07-12,0.050788,diaria,% ao dia
cdi,2023-07-13,0.050788,diaria,% ao dia
cdi,2023-07-14,0.050788,diaria,% ao dia
cdi,2023-07-17,0.050788,diaria,% ao dia
cdi,2023-07-18,0.050788,diaria,% ao dia
cdi,2023-07-19,0.050788,diaria,% ao dia
cdi,2023-07-20,0.050788,diaria,% ao dia
cdi,2023-07-21,0.050788,diaria,% ao dia
cdi,2023-07-24,0.050788,diaria,% ao dia
cdi,2023-07-25,0.050788,diaria,% ao dia
cdi,2023-07-26,0.050788,diaria,% ao dia
cdi,2023-07-27,0.050788,diaria,% ao dia
cdi,2023-07-28,0.050788,diaria,% ao dia
cdi,2023-07-31,0.050788,diaria,% ao dia
cdi,2023-08-01,0.050788,diaria,% ao dia
cdi,2023-08-02,0.050788,diaria,% ao dia
cdi,2023-08-03,0.049037,diaria,% ao dia
cdi,2023-08-04,0.049037,diaria,% ao dia
cdi,2023-08-07,0.049037,diaria,% ao dia
cdi,2023-08-08,0.049037,diaria,% ao dia
cdi,2023-08-09,0.049037,diaria,% ao dia
cdi,2023-08-10,0.049037,diaria,% ao dia
cdi,2023-08-11,0.049037,diaria,% ao dia
cdi,2023-08-14,0.049037,diaria,% ao dia
cdi,2023-08-15,0.049037,diaria,% ao dia
cdi,2023-08-16,0.049037,diaria,% ao dia
cdi,2023-08-17,0.049037,diaria,% ao dia
cdi,2023-08-18,0.049037,diaria,% ao dia
cdi,2023-08-21,0.049037,diaria,% ao dia
cdi,2023-08-22,0.049037,diaria,% ao dia
cdi,2023-08-23,0.049037,diaria,% ao dia
cdi,2023-08-24,0.049037,diaria,% ao dia
cdi,2023-08-25,0.049037,diaria,% ao dia
cdi,2023-08-28,0.049037,diaria,% ao dia
cdi,2023-08-29,0.049037,diaria,% ao dia
cdi,2023-08-30,0.049037,diaria,% ao dia
cdi,2023-08-31,0.049037,diaria,% ao dia
cdi,2023-09-01,0.049037,diaria,% ao dia
cdi,2023-09-04,0.049037,diaria,% ao dia
cdi,2023-09-05,0.049037,diaria,% ao dia
cdi,2023-09-06,0.049037,diaria,% ao dia
cdi,2023-09-08,0.049037,diaria,% ao dia
cdi,2023-09-11,0.049037,diaria,% ao dia
cdi,2023-09-12,0.049037,diaria,% ao dia
cdi,2023-09-13,0.049037,diaria,% ao dia
cdi,2023-09-14,0.049037,diaria,% ao dia
cdi,2023-09-15,0.049037,diaria,% ao dia
cdi,2023-09-18,0.049037,diaria,% ao dia
cdi,2023-09-19,0.049037,diaria,% ao dia
cdi,2023-09-20,0.049037,diaria,% ao dia
cdi,2023-09-21,0.047279,diaria,% ao dia
cdi,2023-09-22,0.047279,diaria,% ao dia
cdi,2023-09-25,0.047279,diaria,% ao dia
cdi,2023-09-26,0.047279,diaria,% ao dia
cdi,2023-09-27,0.047279,diaria,% ao dia
cdi,2023-09-28,0.047279,diaria,% ao dia
cdi,2023-09-29,0.047279,diaria,% ao dia
cdi,2023-10-02,0.047279,diaria,% ao dia
cdi,2023-10-03,0.047279,diaria,% ao dia
cdi,2023-10-04,0.047279,diaria,% ao dia
cdi,2023-10-05,0.047279,diaria,% ao dia
cdi,2023-10-06,0.047279,diaria,% ao dia
cdi,2023-10-09,0.047279,diaria,% ao dia
cdi,2023-10-10,0.047279,diaria,% ao dia
cdi,2023-10-11,0.047279,diaria,% ao dia
cdi,2023-10-13,0.047279,diaria,% ao dia
cdi,2023-10-16,0.047279,diaria,% ao dia
cdi,2023-10-17,0.047279,diaria,% ao dia
cdi,2023-10-18,0.047279,diaria,% ao dia
cdi,2023-10-19,0.047279,diaria,% ao dia
cdi,2023-10-20,0.047279,diaria,% ao dia
cdi,2023-10-23,0.047279,diaria,% ao dia
cdi,2023-10-24,0.047279,diaria,% ao dia
cdi,2023-10-25,0.047279,diaria,% ao dia
cdi,2023-10-26,0.047279,diaria,% ao dia
cdi,2023-10-27,0.047279,diaria,% ao dia
cdi,2023-10-30,0.047279,diaria,% ao dia
cdi,2023-10-31,0.047279,diaria,% ao dia
cdi,2023-11-01,0.047279,diaria,% ao dia
cdi,2023-11-03,0.045513,diaria,% ao dia
cdi,2023-11-06,0.045513,diaria,% ao dia
cdi,2023-11-07,0.045513,diaria,% ao dia
cdi,2023-11-08,0.045513,diaria,% ao dia
cdi,2023-11-09,0.045513,diaria,% ao dia
cdi,2023-11-10,0.045513,diaria,% ao dia
cdi,2023-11-13,0.045513,diaria,% ao dia
cdi,2023-11-14,0.045513,diaria,% ao dia
cdi,2023-11-16,0.045513,diaria,% ao dia
cdi,2023-11-17,0.045513,diaria,% ao dia
cdi,2023-11-20,0.045513,diaria,% ao dia
cdi,2023-11-21,0.045513,diaria,% ao dia
cdi,2023-11-22,0.045513,diaria,% ao dia
cdi,2023-11-23,0.045513,diaria,% ao dia
cdi,2023-11-24,0.045513,diaria,% ao dia
cdi,2023-11-27,0.045513,diaria,% ao dia
cdi,2023-11-28,0.045513,diaria,% ao dia
cdi,2023-11-29,0.045513,diaria,% ao dia
cdi,2023-11-30,0.045513,diaria,% ao dia
cdi,2023-12-01,0.045513,diaria,% ao dia
cdi,2023-12-04,0.045513,diaria,% ao dia
cdi,2023-12-05,0.045513,diaria,% ao dia
cdi,2023-12-06,0.045513,diaria,% ao dia
cdi,2023-12-07,0.045513,diaria,% ao dia
cdi,2023-12-08,0.045513,diaria,% ao dia
cdi,2023-12-11,0.045513,diaria,% ao dia
cdi,2023-12-12,0.045513,diaria,% ao dia
cdi,2023-12-13,0.045513,diaria,% ao dia
cdi,2023-12-14,0.043739,diaria,% ao dia
cdi,2023-12-15,0.043739,diaria,% ao dia
cdi,2023-12-18,0.043739,diaria,% ao dia
cdi,2023-12-19,0.043739,diaria,% ao dia
cdi,2023-12-20,0.043739,diaria,% ao dia
cdi,2023-12-21,0.043739,diaria,% ao dia
cdi,2023-12-22,0.043739,diaria,% ao dia
cdi,2023-12-26,0.043739,diaria,% ao dia
cdi,2023-12-27,0.043739,diaria,% ao dia
cdi,2023-12-28,0.043739,diaria,% ao dia
cdi,2023-12-29,0.043739,diaria,% ao dia
cdi,2024-01-02,0.043739,diaria,% ao dia
cdi,2024-01-03,0.043739,diaria,% ao dia
cdi,2024-01-04,0.043739,diaria,% ao dia
cdi,2024-01-05,0.043739,diaria,% ao dia
cdi,2024-01-08,0.043739,diaria,% ao dia
cdi,2024-01-09,0.043739,diaria,% ao dia
cdi,2024-01-10,0.043739,diaria,% ao dia
cdi,2024-01-11,0.043739,diaria,% ao dia
cdi,2024-01-12,0.043739,diaria,% ao dia
cdi,2024-01-15,0.043739,diaria,% ao dia
cdi,2024-01-16,0.043739,diaria,% ao dia
cdi,2024-01-17,0.043739,diaria,% ao dia
cdi,2024-01-18,0.043739,diaria,% ao dia
cdi,2024-01-19,0.043739,diaria,% ao dia
cdi,2024-01-22,0.043739,diaria,% ao dia
cdi,2024-01-23,0.043739,diaria,% ao dia
cdi,2024-01-24,0.043739,diaria,% ao dia
cdi,2024-01-25,0.043739,diaria,% ao dia
cdi,2024-01-26,0.043739,diaria,% ao dia
cdi,2024-01-29,0.043739,diaria,% ao dia
cdi,2024-01-30,0.043739,diaria,% ao dia
cdi,2024-01-31,0.043739,diaria,% ao dia
cdi,2024-02-01,0.041957,diaria,% ao dia
cdi,2024-02-02,0.041957,diaria,% ao dia
cdi,2024-02-05,0.041957,diaria,% ao dia
cdi,2024-02-06,0.041957,diaria,% ao dia
cdi,2024-02-07,0.041957,diaria,% ao dia
cdi,2024-02-08,0.041957,diaria,% ao dia
cdi,2024-02-09,0.041957,diaria,% ao dia
cdi,2024-02-14,0.041957,diaria,% ao dia
cdi,2024-02-15,0.041957,diaria,% ao dia
cdi,2024-02-16,0.041957,diaria,% ao dia
cdi,2024-02-19,0.041957,diaria,% ao dia
cdi,2024-02-20,0.041957,diaria,% ao dia
cdi,2024-02-21,0.041957,diaria,% ao dia
cdi,2024-02-22,0.041957,diaria,% ao dia
cdi,2024-02-23,0.041957,diaria,% ao dia
cdi,2024-02-26,0.041957,diaria,% ao dia
cdi,2024-02-27,0.041957,diaria,% ao dia
cdi,2024-02-28,0.041957,diaria,% ao dia
cdi,2024-02-29,0.041957,diaria,% ao dia
cdi,2024-03-01,0.041957,diaria,% ao dia
cdi,2024-03-04,0.041957,diaria,% ao dia
cdi,2024-03-05,0.041957,diaria,% ao dia
cdi,2024-03-06,0.041957,diaria,% ao dia
cdi,2024-03-07,0.041957,diaria,% ao dia
cdi,2024-03-08,0.041957,diaria,% ao dia
cdi,2024-03-11,0.041957,diaria,% ao dia
cdi,2024-03-12,0.041957,diaria,% ao dia
cdi,2024-03-13,0.041957,diaria,% ao dia
cdi,2024-03-14,0.041957,diaria,% ao dia
cdi,2024-03-15,0.041957,diaria,% ao dia
cdi,2024-03-18,0.041957,diaria,% ao dia
cdi,2024-03-19,0.041957,diaria,% ao dia
cdi,2024-03-20,0.041957,diaria,% ao dia
cdi,2024-03-21,0.040168,diaria,% ao dia
cdi,2024-03-22,0.040168,diaria,% ao dia
cdi,2024-03-25,0.040168,diaria,% ao dia
cdi,2024-03-26,0.040168,diaria,% ao dia
cdi,2024-03-27,0.040168,diaria,% ao dia
cdi,2024-03-28,0.040168,diaria,% ao dia
cdi,2024-04-01,0.040168,diaria,% ao dia
cdi,2024-04-02,0.040168,diaria,% ao dia
cdi,2024-04-03,0.040168,diaria,% ao dia
cdi,2024-04-04,0.040168,diaria,% ao dia
cdi,2024-04-05,0.040168,diaria,% ao dia
cdi,2024-04-08,0.040168,diaria,% ao dia
cdi,2024-04-09,0.040168,diaria,% ao dia
cdi,2024-04-10,0.040168,diaria,% ao dia
cdi,2024-04-11,0.040168,diaria,% ao dia
cdi,2024-04-12,0.040168,diaria,% ao dia
cdi,2024-04-15,0.040168,diaria,% ao dia
cdi,2024-04-16,0.040168,diaria,% ao dia
cdi,2024-04-17,0.040168,diaria,% ao dia
cdi,2024-04-18,0.040168,diaria,% ao dia
cdi,2024-04-19,0.040168,diaria,% ao dia
cdi,2024-04-22,0.040168,diaria,% ao dia
cdi,2024-04-23,0.040168,diaria,% ao dia
cdi,2024-04-24,0.040168,diaria,% ao dia
cdi,2024-04-25,0.040168,diaria,% ao dia
cdi,2024-04-26,0.040168,diaria,% ao dia
cdi,2024-04-29,0.040168,diaria,% ao dia
cdi,2024-04-30,0.040168,diaria,% ao dia
cdi,2024-05-02,0.040168,diaria,% ao dia
cdi,2024-05-03,0.040168,diaria,% ao dia
cdi,2024-05-06,0.040168,diaria,% ao dia
cdi,2024-05-07,0.040168,diaria,% ao dia
cdi,2024-05-08,0.040168,diaria,% ao dia
cdi,2024-05-09,0.03927,diaria,% ao dia
cdi,2024-05-10,0.03927,diaria,% ao dia
cdi,2024-05-13,0.03927,diaria,% ao dia
cdi,2024-05-14,0.03927,diaria,% ao dia
cdi,2024-05-15,0.03927,diaria,% ao dia
cdi,2024-05-16,0.03927,diaria,% ao dia
cdi,2024-05-17,0.03927,diaria,% ao dia
cdi,2024-05-20,0.03927,diaria,% ao dia
cdi,2024-05-21,0.03927,diaria,% ao dia
cdi,2024-05-22,0.03927,diaria,% ao dia
cdi,2024-05-23,0.03927,diaria,% ao dia
cdi,2024-05-24,0.03927,diaria,% ao dia
cdi,2024-05-27,0.03927,diaria,% ao dia
cdi,2024-05-28,0.03927,diaria,% ao dia
cdi,2024-05-29,0.03927,diaria,% ao dia
cdi,2024-05-31,0.03927,diaria,% ao dia
cdi,2024-06-03,0.03927,diaria,% ao dia
cdi,2024-06-04,0.03927,diaria,% ao dia
cdi,2024-06-05,0.03927,diaria,% ao dia
cdi,2024-06-06,0.03927,diaria,% ao dia
cdi,2024-06-07,0.03927,diaria,% ao dia
cdi,2024-06-10,0.03927,diaria,% ao dia
cdi,2024-06-11,0.03927,diaria,% ao dia
cdi,2024-06-12,0.03927,diaria,% ao dia
cdi,2024-06-13,0.03927,diaria,% ao dia
cdi,2024-06-14,0.03927,diaria,% ao dia
cdi,2024-06-17,0.03927,diaria,% ao dia
cdi,2024-06-18,0.03927,diaria,% ao dia
cdi,2024-06-19,0.03927,diaria,% ao dia
cdi,2024-06-20,0.03927,diaria,% ao dia
cdi,2024-06-21,0.03927,diaria,% ao dia
cdi,2024-06-24,0.03927,diaria,% ao dia
cdi,2024-06-25,0.03927,diaria,% ao dia
cdi,2024-06-26,0.03927,diaria,% ao dia
cdi,2024-06-27,0.03927,diaria,% ao dia
cdi,2024-06-28,0.03927,diaria,% ao dia
cdi,2024-07-01,0.03927,diaria,% ao dia
cdi,2024-07-02,0.03927,diaria,% ao dia
cdi,2024-07-03,0.03927,diaria,% ao dia
cdi,2024-07-04,0.03927,diaria,% ao dia
cdi,2024-07-05,0.03927,diaria,% ao dia
cdi,2024-07-08,0.03927,diaria,% ao dia
cdi,2024-07-09,0.03927,diaria,% ao dia
cdi,2024-07-10,0.03927,diaria,% ao dia
cdi,2024-07-11,0.03927,diaria,% ao dia
cdi,2024-07-12,0.03927,diaria,% ao dia
cdi,2024-07-15,0.03927,diaria,% ao dia
cdi,2024-07-16,0.03927,diaria,% ao dia
cdi,2024-07-17,0.03927,diaria,% ao dia
cdi,2024-07-18,0.03927,diaria,% ao dia
cdi,2024-07-19,0.03927,diaria,% ao dia
cdi,2024-07-22,0.03927,diaria,% ao dia
cdi,2024-07-23,0.03927,diaria,% ao dia
cdi,2024-07-24,0.03927,diaria,% ao dia
cdi,2024-07-25,0.03927,diaria,% ao dia
cdi,2024-07-26,0.03927,diaria,% ao dia
cdi,2024-07-29,0.03927,diaria,% ao dia
cdi,2024-07-30,0.03927,diaria,% ao dia
cdi,2024-07-31,0.03927,diaria,% ao dia
cdi,2024-08-01,0.03927,diaria,% ao dia
cdi,2024-08-02,0.03927,diaria,% ao dia
cdi,2024-08-05,0.03927,diaria,% ao dia
cdi,2024-08-06,0.03927,diaria,% ao dia
cdi,2024-08-07,0.03927,diaria,% ao dia
cdi,2024-08-08,0.03927,diaria,% ao dia
cdi,2024-08-09,0.03927,diaria,% ao dia
cdi,2024-08-12,0.03927,diaria,% ao dia
cdi,2024-08-13,0.03927,diaria,% ao dia
cdi,2024-08-14,0.03927,diaria,% ao dia
cdi,2024-08-15,0.03927,diaria,% ao dia
cdi,2024-08-16,0.03927,diaria,% ao dia
cdi,2024-08-19,0.03927,diaria,% ao dia
cdi,2024-08-20,0.03927,diaria,% ao dia
cdi,2024-08-21,0.03927,diaria,% ao dia
cdi,2024-08-22,0.03927,diaria,% ao dia
cdi,2024-08-23,0.03927,diaria,% ao dia
cdi,2024-08-26,0.03927,diaria,% ao dia
cdi,2024-08-27,0.03927,diaria,% ao dia
cdi,2024-08-28,0.03927,diaria,% ao dia
cdi,2024-08-29,0.03927,diaria,% ao dia
cdi,2024-08-30,0.03927,diaria,% ao dia
cdi,2024-09-02,0.03927,diaria,% ao dia
cdi,2024-09-03,0.03927,diaria,% ao dia
cdi,2024-09-04,0.03927,diaria,% ao dia
cdi,2024-09-05,0.03927,diaria,% ao dia
cdi,2024-09-06,0.03927,diaria,% ao dia
cdi,2024-09-09,0.03927,diaria,% ao dia
cdi,2024-09-10,0.03927,diaria,% ao dia
cdi,2024-09-11,0.03927,diaria,% ao dia
cdi,2024-09-12,0.03927,diaria,% ao dia
cdi,2024-09-13,0.03927,diaria,% ao dia
cdi,2024-09-16,0.03927,diaria,% ao dia
cdi,2024-09-17,0.03927,diaria,% ao dia
cdi,2024-09-18,0.03927,diaria,% ao dia
cdi,2024-09-19,0.040168,diaria,% ao dia
cdi,2024-09-20,0.040168,diaria,% ao dia
cdi,2024-09-23,0.040168,diaria,% ao dia
cdi,2024-09-24,0.040168,diaria,% ao dia
cdi,2024-09-25,0.040168,diaria,% ao dia
cdi,2024-09-26,0.040168,diaria,% ao dia
cdi,2024-09-27,0.040168,diaria,% ao dia
cdi,2024-09-30,0.040168,diaria,% ao dia
cdi,2024-10-01,0.040168,diaria,% ao dia
cdi,2024-10-02,0.040168,diaria,% ao dia
cdi,2024-10-03,0.040168,diaria,% ao dia
cdi,2024-10-04,0.040168,diaria,% ao dia
cdi,2024-10-07,0.040168,diaria,% ao dia
cdi,2024-10-08,0.040168,diaria,% ao dia
cdi,2024-10-09,0.040168,diaria,% ao dia
cdi,2024-10-10,0.040168,diaria,% ao dia
cdi,2024-10-11,0.040168,diaria,% ao dia
cdi,2024-10-14,0.040168,diaria,% ao dia
cdi,2024-10-15,0.040168,diaria,% ao dia
cdi,2024-10-16,0.040168,diaria,% ao dia
cdi,2024-10-17,0.040168,diaria,% ao dia
cdi,2024-10-18,0.040168,diaria,% ao dia
cdi,2024-10-21,0.040168,diaria,% ao dia
cdi,2024-10-22,0.040168,diaria,% ao dia
cdi,2024-10-23,0.040168,diaria,% ao dia
cdi,2024-10-24,0.040168,diaria,% ao dia
cdi,2024-10-25,0.040168,diaria,% ao dia
cdi,2024-10-28,0.040168,diaria,% ao dia
cdi,2024-10-29,0.040168,diaria,% ao dia
cdi,2024-10-30,0.040168,diaria,% ao dia
cdi,2024-10-31,0.040168,diaria,% ao dia
cdi,2024-11-01,0.040168,diaria,% ao dia
cdi,2024-11-04,0.040168,diaria,% ao dia
cdi,2024-11-05,0.040168,diaria,% ao dia
cdi,2024-11-06,0.040168,diaria,% ao dia
cdi,2024-11-07,0.041957,diaria,% ao dia
cdi,2024-11-08,0.041957,diaria,% ao dia
cdi,2024-11-11,0.041957,diaria,% ao dia
cdi,2024-11-12,0.041957,diaria,% ao dia
cdi,2024-11-13,0.041957,diaria,% ao dia
cdi,2024-11-14,0.041957,diaria,% ao dia
cdi,2024-11-18,0.041957,diaria,% ao dia
cdi,2024-11-19,0.041957,diaria,% ao dia
cdi,2024-11-21,0.041957,diaria,% ao dia
cdi,2024-11-22,0.041957,diaria,% ao dia
cdi,2024-11-25,0.041957,diaria,% ao dia
cdi,2024-11-26,0.041957,diaria,% ao dia
cdi,2024-11-27,0.041957,diaria,% ao dia
cdi,2024-11-28,0.041957,diaria,% ao dia
cdi,2024-11-29,0.041957,diaria,% ao dia
cdi,2024-12-02,0.041957,diaria,% ao dia
cdi,2024-12-03,0.041957,diaria,% ao dia
cdi,2024-12-04,0.041957,diaria,% ao dia
cdi,2024-12-05,0.041957,diaria,% ao dia
cdi,2024-12-06,0.041957,diaria,% ao dia
cdi,2024-12-09,0.041957,diaria,% ao dia
cdi,2024-12-10,0.041957,diaria,% ao dia
cdi,2024-12-11,0.041957,diaria,% ao dia
cdi,2024-12-12,0.045513,diaria,% ao dia
cdi,2024-12-13,0.045513,diaria,% ao dia
cdi,2024-12-16,0.045513,diaria,% ao dia
cdi,2024-12-17,0.045513,diaria,% ao dia
cdi,2024-12-18,0.045513,diaria,% ao dia
cdi,2024-12-19,0.045513,diaria,% ao dia
cdi,2024-12-20,0.045513,diaria,% ao dia
cdi,2024-12-23,0.045513,diaria,% ao dia
cdi,2024-12-24,0.045513,diaria,% ao dia
cdi,2024-12-26,0.045513,diaria,% ao dia
cdi,2024-12-27,0.045513,diaria,% ao dia
cdi,2024-12-30,0.045513,diaria,% ao dia
cdi,2024-12-31,0.045513,diaria,% ao dia
cdi,2025-01-02,0.045513,diaria,% ao dia
cdi,2025-01-03,0.045513,diaria,% ao dia
cdi,2025-01-06,0.045513,diaria,% ao dia
cdi,2025-01-07,0.045513,diaria,% ao dia
cdi,2025-01-08,0.045513,diaria,% ao dia
cdi,2025-01-09,0.045513,diaria,% ao dia
cdi,2025-01-10,0.045513,diaria,% ao dia
cdi,2025-01-13,0.045513,diaria,% ao dia
cdi,2025-01-14,0.045513,diaria,% ao dia
cdi,2025-01-15,0.045513,diaria,% ao dia
cdi,2025-01-16,0.045513,diaria,% ao dia
cdi,2025-01-17,0.045513,diaria,% ao dia
cdi,2025-01-20,0.045513,diaria,% ao dia
cdi,2025-01-21,0.045513,diaria,% ao dia
cdi,2025-01-22,0.045513,diaria,% ao dia
cdi,2025-01-23,0.045513,diaria,% ao dia
cdi,2025-01-24,0.045513,diaria,% ao dia
cdi,2025-01-27,0.045513,diaria,% ao dia
cdi,2025-01-28,0.045513,diaria,% ao dia
cdi,2025-01-29,0.045513,diaria,% ao dia
cdi,2025-01-30,0.049037,diaria,% ao dia
cdi,2025-01-31,0.049037,diaria,% ao dia
cdi,2025-02-03,0.049037,diaria,% ao dia
cdi,2025-02-04,0.049037,diaria,% ao dia
cdi,2025-02-05,0.049037,diaria,% ao dia
cdi,2025-02-06,0.049037,diaria,% ao dia
cdi,2025-02-07,0.049037,diaria,% ao dia
cdi,2025-02-10,0.049037,diaria,% ao dia
cdi,2025-02-11,0.049037,diaria,% ao dia
cdi,2025-02-12,0.049037,diaria,% ao dia
cdi,2025-02-13,0.049037,diaria,% ao dia
cdi,2025-02-14,0.049037,diaria,% ao dia
cdi,2025-02-17,0.049037,diaria,% ao dia
cdi,2025-02-18,0.049037,diaria,% ao dia
cdi,2025-02-19,0.049037,diaria,% ao dia
cdi,2025-02-20,0.049037,diaria,% ao dia
cdi,2025-02-21,0.049037,diaria,% ao dia
cdi,2025-02-24,0.049037,diaria,% ao dia
cdi,2025-02-25,0.049037,diaria,% ao dia
cdi,2025-02-26,0.049037,diaria,% ao dia
cdi,2025-02-27,0.049037,diaria,% ao dia
cdi,2025-02-28,0.049037,diaria,% ao dia
cdi,2025-03-05,0.049037,diaria,% ao dia
cdi,2025-03-06,0.049037,diaria,% ao dia
cdi,2025-03-07,0.049037,diaria,% ao dia
cdi,2025-03-10,0.049037,diaria,% ao dia
cdi,2025-03-11,0.049037,diaria,% ao dia
cdi,2025-03-12,0.049037,diaria,% ao dia
cdi,2025-03-13,0.049037,diaria,% ao dia
cdi,2025-03-14,0.049037,diaria,% ao dia
cdi,2025-03-17,0.049037,diaria,% ao dia
cdi,2025-03-18,0.049037,diaria,% ao dia
cdi,2025-03-19,0.049037,diaria,% ao dia
cdi,2025-03-20,0.052531,diaria,% ao dia
cdi,2025-03-21,0.052531,diaria,% ao dia
cdi,2025-03-24,0.052531,diaria,% ao dia
cdi,2025-03-25,0.052531,diaria,% ao dia
cdi,2025-03-26,0.052531,diaria,% ao dia
cdi,2025-03-27,0.052531,diaria,% ao dia
cdi,2025-03-28,0.052531,diaria,% ao dia
cdi,2025-03-31,0.052531,diaria,% ao dia
cdi,2025-04-01,0.052531,diaria,% ao dia
cdi,2025-04-02,0.052531,diaria,% ao dia
cdi,2025-04-03,0.052531,diaria,% ao dia
cdi,2025-04-04,0.052531,diaria,% ao dia
cdi,2025-04-07,0.052531,diaria,% ao dia
cdi,2025-04-08,0.052531,diaria,% ao dia
cdi,2025-04-09,0.052531,diaria,% ao dia
cdi,2025-04-10,0.052531,diaria,% ao dia
cdi,2025-04-11,0.052531,diaria,% ao dia
cdi,2025-04-14,0.052531,diaria,% ao dia
cdi,2025-04-15,0.052531,diaria,% ao dia
cdi,2025-04-16,0.052531,diaria,% ao dia
cdi,2025-04-17,0.052531,diaria,% ao dia
cdi,2025-04-22,0.052531,diaria,% ao dia
cdi,2025-04-23,0.052531,diaria,% ao dia
cdi,2025-04-24,0.052531,diaria,% ao dia
cdi,2025-04-25,0.052531,diaria,% ao dia
cdi,2025-04-28,0.052531,diaria,% ao dia
cdi,2025-04-29,0.052531,diaria,% ao dia
cdi,2025-04-30,0.052531,diaria,% ao dia
cdi,2025-05-02,0.052531,diaria,% ao dia
cdi,2025-05-05,0.052531,diaria,% ao dia
cdi,2025-05-06,0.052531,diaria,% ao dia
cdi,2025-05-07,0.052531,diaria,% ao dia
cdi,2025-05-08,0.054266,diaria,% ao dia
cdi,2025-05-09,0.054266,diaria,% ao dia
cdi,2025-05-12,0.054266,diaria,% ao dia
cdi,2025-05-13,0.054266,diaria,% ao dia
cdi,2025-05-14,0.054266,diaria,% ao dia
cdi,2025-05-15,0.054266,diaria,% ao dia
cdi,2025-05-16,0.054266,diaria,% ao dia
cdi,2025-05-19,0.054266,diaria,% ao dia
cdi,2025-05-20,0.054266,diaria,% ao dia
cdi,2025-05-21,0.054266,diaria,% ao dia
cdi,2025-05-22,0.054266,diaria,% ao dia
cdi,2025-05-23,0.054266,diaria,% ao dia
cdi,2025-05-26,0.054266,diaria,% ao dia
cdi,2025-05-27,0.054266,diaria,% ao dia
cdi,2025-05-28,0.054266,diaria,% ao dia
cdi,2025-05-29,0.054266,diaria,% ao dia
cdi,2025-05-30,0.054266,diaria,% ao dia
cdi,2025-06-02,0.054266,diaria,% ao dia
cdi,2025-06-03,0.054266,diaria,% ao dia
cdi,2025-06-04,0.054266,diaria,% ao dia
cdi,2025-06-05,0.054266,diaria,% ao dia
cdi,2025-06-06,0.054266,diaria,% ao dia
cdi,2025-06-09,0.054266,diaria,% ao dia
cdi,2025-06-10,0.054266,diaria,% ao dia
cdi,2025-06-11,0.054266,diaria,% ao dia
cdi,2025-06-12,0.054266,diaria,% ao dia
cdi,2025-06-13,0.054266,diaria,% ao dia
cdi,2025-06-16,0.054266,diaria,% ao dia
cdi,2025-06-17,0.054266,diaria,% ao dia
cdi,2025-06-18,0.054266,diaria,% ao dia
cdi,2025-06-20,0.055131,diaria,% ao dia
cdi,2025-06-23,0.055131,diaria,% ao dia
cdi,2025-06-24,0.055131,diaria,% ao dia
cdi,2025-06-25,0.055131,diaria,% ao dia
cdi,2025-06-26,0.055131,diaria,% ao dia
cdi,2025-06-27,0.055131,diaria,% ao dia
cdi,2025-06-30,0.055131,diaria,% ao dia
cdi,2025-07-01,0.055131,diaria,% ao dia
cdi,2025-07-02,0.055131,diaria,% ao dia
cdi,2025-07-03,0.055131,diaria,% ao dia
cdi,2025-07-04,0.055131,diaria,% ao dia
cdi,2025-07-07,0.055131,diaria,% ao dia
cdi,2025-07-08,0.055131,diaria,% ao dia
cdi,2025-07-09,0.055131,diaria,% ao dia
cdi,2025-07-10,0.055131,diaria,% ao dia
cdi,2025-07-11,0.055131,diaria,% ao dia
cdi,2025-07-14,0.055131,diaria,% ao dia
cdi,2025-07-15,0.055131,diaria,% ao dia
cdi,2025-07-16,0.055131,diaria,% ao dia
cdi,2025-07-17,0.055131,diaria,% ao dia
cdi,2025-07-18,0.055131,diaria,% ao dia
cdi,2025-07-21,0.055131,diaria,% ao dia
cdi,2025-07-22,0.055131,diaria,% ao dia
cdi,2025-07-23,0.055131,diaria,% ao dia
cdi,2025-07-24,0.055131,diaria,% ao dia
cdi,2025-07-25,0.055131,diaria,% ao dia
cdi,2025-07-28,0.055131,diaria,% ao dia
cdi,2025-07-29,0.055131,diaria,% ao dia
cdi,2025-07-30,0.055131,diaria,% ao dia
cdi,2025-07-31,0.055131,diaria,% ao dia
cdi,2025-08-01,0.055131,diaria,% ao dia
cdi,2025-08-04,0.055131,diaria,% ao dia
cdi,2025-08-05,0.055131,diaria,% ao dia
cdi,2025-08-06,0.055131,diaria,% ao dia
cdi,2025-08-07,0.055131,diaria,% ao dia
cdi,2025-08-08,0.055131,diaria,% ao dia
cdi,2025-08-11,0.055131,diaria,% ao dia
cdi,2025-08-12,0.055131,diaria,% ao dia
cdi,2025-08-13,0.055131,diaria,% ao dia
cdi,2025-08-14,0.055131,diaria,% ao dia
cdi,2025-08-15,0.055131,diaria,% ao dia
cdi,2025-08-18,0.055131,diaria,% ao dia
cdi,2025-08-19,0.055131,diaria,% ao dia
cdi,2025-08-20,0.055131,diaria,% ao dia
cdi,2025-08-21,0.055131,diaria,% ao dia
cdi,2025-08-22,0.055131,diaria,% ao dia
cdi,2025-08-25,0.055131,diaria,% ao dia
cdi,2025-08-26,0.055131,diaria,% ao dia
cdi,2025-08-27,0.055131,diaria,% ao dia
cdi,2025-08-28,0.055131,diaria,% ao dia
cdi,2025-08-29,0.055131,diaria,% ao dia
cdi,2025-09-01,0.055131,diaria,% ao dia
cdi,2025-09-02,0.055131,diaria,% ao dia
cdi,2025-09-03,0.055131,diaria,% ao dia
cdi,2025-09-04,0.055131,diaria,% ao dia
cdi,2025-09-05,0.055131,diaria,% ao dia
cdi,2025-09-08,0.055131,diaria,% ao dia
cdi,2025-09-09,0.055131,diaria,% ao dia
cdi,2025-09-10,0.055131,diaria,% ao dia
cdi,2025-09-11,0.055131,diaria,% ao dia
cdi,2025-09-12,0.055131,diaria,% ao dia
cdi,2025-09-15,0.055131,diaria,% ao dia
cdi,2025-09-16,0.055131,diaria,% ao dia
cdi,2025-09-17,0.055131,diaria,% ao dia
cdi,2025-09-18,0.055131,diaria,% ao dia
cdi,2025-09-19,0.055131,diaria,% ao dia
cdi,2025-09-22,0.055131,diaria,% ao dia
cdi,2025-09-23,0.055131,diaria,% ao dia
cdi,2025-09-24,0.055131,diaria,% ao dia
cdi,2025-09-25,0.055131,diaria,% ao dia
cdi,2025-09-26,0.055131,diaria,% ao dia
cdi,2025-09-29,0.055131,diaria,% ao dia
cdi,2025-09-30,0.055131,diaria,% ao dia
cdi,2025-10-01,0.055131,diaria,% ao dia
cdi,2025-10-02,0.055131,diaria,% ao dia
cdi,2025-10-03,0.055131,diaria,% ao dia
cdi,2025-10-06,0.055131,diaria,% ao dia
cdi,2025-10-07,0.055131,diaria,% ao dia
cdi,2025-10-08,0.055131,diaria,% ao dia
cdi,2025-10-09,0.055131,diaria,% ao dia
cdi,2025-10-10,0.055131,diaria,% ao dia
cdi,2025-10-13,0.055131,diaria,% ao dia
cdi,2025-10-14,0.055131,diaria,% ao dia
cdi,2025-10-15,0.055131,diaria,% ao dia
cdi,2025-10-16,0.055131,diaria,% ao dia
cdi,2025-10-17,0.055131,diaria,% ao dia
cdi,2025-10-20,0.055131,diaria,% ao dia
cdi,2025-10-21,0.055131,diaria,% ao dia
cdi,2025-10-22,0.055131,diaria,% ao dia
cdi,2025-10-23,0.055131,diaria,% ao dia
cdi,2025-10-24,0.055131,diaria,% ao dia
cdi,2025-10-27,0.055131,diaria,% ao dia
cdi,2025-10-28,0.055131,diaria,% ao dia
cdi,2025-10-29,0.055131,diaria,% ao dia
cdi,2025-10-30,0.055131,diaria,% ao dia
cdi,2025-10-31,0.055131,diaria,% ao dia
cdi,2025-11-03,0.055131,diaria,% ao dia
cdi,2025-11-04,0.055131,diaria,% ao dia
cdi,2025-11-05,0.055131,diaria,% ao dia
cdi,2025-11-06,0.055131,diaria,% ao dia
cdi,2025-11-07,0.055131,diaria,% ao dia
cdi,2025-11-10,0.055131,diaria,% ao dia
cdi,2025-11-11,0.055131,diaria,% ao dia
cdi,2025-11-12,0.055131,diaria,% ao dia
cdi,2025-11-13,0.055131,diaria,% ao dia
cdi,2025-11-14,0.055131,diaria,% ao dia
cdi,2025-11-17,0.055131,diaria,% ao dia
cdi,2025-11-18,0.055131,diaria,% ao dia
cdi,2025-11-19,0.055131,diaria,% ao dia
cdi,2025-11-21,0.055131,diaria,% ao dia
cdi,2025-11-24,0.055131,diaria,% ao dia
cdi,2025-11-25,0.055131,diaria,% ao dia
cdi,2025-11-26,0.055131,diaria,% ao dia
cdi,2025-11-27,0.055131,diaria,% ao dia
cdi,2025-11-28,0.055131,diaria,% ao dia
cdi,2025-12-01,0.055131,diaria,% ao dia
cdi,2025-12-02,0.055131,diaria,% ao dia
cdi,2025-12-03,0.055131,diaria,% ao dia
cdi,2025-12-04,0.055131,diaria,% ao dia
cdi,2025-12-05,0.055131,diaria,% ao dia
cdi,2025-12-08,0.055131,diaria,% ao dia
cdi,2025-12-09,0.055131,diaria,% ao dia
cdi,2025-12-10,0.055131,diaria,% ao dia
cdi,2025-12-11,0.055131,diaria,% ao dia
cdi,2025-12-12,0.055131,diaria,% ao dia
cdi,2025-12-15,0.055131,diaria,% ao dia
cdi,2025-12-16,0.055131,diaria,% ao dia
cdi,2025-12-17,0.055131,diaria,% ao dia
cdi,2025-12-18,0.055131,diaria,% ao dia
cdi,2025-12-19,0.055131,diaria,% ao dia
cdi,2025-12-22,0.055131,diaria,% ao dia
cdi,2025-12-23,0.055131,diaria,% ao dia
cdi,2025-12-24,0.055131,diaria,% ao dia
cdi,2025-12-26,0.055131,diaria,% ao dia
cdi,2025-12-29,0.055131,diaria,% ao dia
cdi,2025-12-30,0.055131,diaria,% ao dia
cdi,2025-12-31,0.055131,diaria,% ao dia
cdi,2026-01-02,0.055131,diaria,% ao dia
cdi,2026-01-05,0.055131,diaria,% ao dia
cdi,2026-01-06,0.055131,diaria,% ao dia
cdi,2026-01-07,0.055131,diaria,% ao dia
cdi,2026-01-08,0.055131,diaria,% ao dia
cdi,2026-01-09,0.055131,diaria,% ao dia
cdi,2026-01-12,0.055131,diaria,% ao dia
cdi,2026-01-13,0.055131,diaria,% ao dia
cdi,2026-01-14,0.055131,diaria,% ao dia
cdi,2026-01-15,0.055131,diaria,% ao dia
cdi,2026-01-16,0.055131,diaria,% ao dia
cdi,2026-01-19,0.055131,diaria,% ao dia
cdi,2026-01-20,0.055131,diaria,% ao dia
cdi,2026-01-21,0.055131,diaria,% ao dia
cdi,2026-01-22,0.055131,diaria,% ao dia
cdi,2026-01-23,0.055131,diaria,% ao dia
cdi,2026-01-26,0.055131,diaria,% ao dia
cdi,2026-01-27,0.055131,diaria,% ao dia
cdi,2026-01-28,0.055131,diaria,% ao dia
cdi,2026-01-29,0.055131,diaria,% ao dia
cdi,2026-01-30,0.055131,diaria,% ao dia
cdi,2026-02-02,0.055131,diaria,% ao dia
cdi,2026-02-03,0.055131,diaria,% ao dia
cdi,2026-02-04,0.055131,diaria,% ao dia
cdi,2026-02-05,0.055131,diaria,% ao dia
cdi,2026-02-06,0.055131,diaria,% ao dia
cdi,2026-02-09,0.055131,diaria,% ao dia
cdi,2026-02-10,0.055131,diaria,% ao dia
cdi,2026-02-11,0.055131,diaria,% ao dia
cdi,2026-02-12,0.055131,diaria,% ao dia
cdi,2026-02-13,0.055131,diaria,% ao dia
cdi,2026-02-18,0.055131,diaria,% ao dia
cdi,2026-02-19,0.055131,diaria,% ao dia
cdi,2026-02-20,0.055131,diaria,% ao dia
cdi,2026-02-23,0.055131,diaria,% ao dia
cdi,2026-02-24,0.055131,diaria,% ao dia
cdi,2026-02-25,0.055131,diaria,% ao dia
cdi,2026-02-26,0.055131,diaria,% ao dia
cdi,2026-02-27,0.055131,diaria,% ao dia
cdi,2026-03-02,0.055131,diaria,% ao dia
cdi,2026-03-03,0.055131,diaria,% ao dia
cdi,2026-03-04,0.055131,diaria,% ao dia
cdi,2026-03-05,0.055131,diaria,% ao dia
cdi,2026-03-06,0.055131,diaria,% ao dia
cdi,2026-03-09,0.055131,diaria,% ao dia
cdi,2026-03-10,0.055131,diaria,% ao dia
cdi,2026-03-11,0.055131,diaria,% ao dia
cdi,2026-03-12,0.055131,diaria,% ao dia
cdi,2026-03-13,0.055131,diaria,% ao dia
cdi,2026-03-16,0.055131,diaria,% ao dia
cdi,2026-03-17,0.055131,diaria,% ao dia
cdi,2026-03-18,0.055131,diaria,% ao dia
cdi,2026-03-19,0.054266,diaria,% ao dia
cdi,2026-03-20,0.054266,diaria,% ao dia
cdi,2026-03-23,0.054266,diaria,% ao dia
cdi,2026-03-24,0.054266,diaria,% ao dia
cdi,2026-03-25,0.054266,diaria,% ao dia
cdi,2026-03-26,0.054266,diaria,% ao dia
cdi,2026-03-27,0.054266,diaria,% ao dia
cdi,2026-03-30,0.054266,diaria,% ao dia
cdi,2026-03-31,0.054266,diaria,% ao dia
cdi,2026-04-01,0.054266,diaria,% ao dia
cdi,2026-04-02,0.054266,diaria,% ao dia
cdi,2026-04-06,0.054266,diaria,% ao dia
cdi,2026-04-07,0.054266,diaria,% ao dia
cdi,2026-04-08,0.054266,diaria,% ao dia
cdi,2026-04-09,0.054266,diaria,% ao dia
cdi,2026-04-10,0.054266,diaria,% ao dia
cdi,2026-04-13,0.054266,diaria,% ao dia
cdi,2026-04-14,0.054266,diaria,% ao dia
cdi,2026-04-15,0.054266,diaria,% ao dia
cdi,2026-04-16,0.054266,diaria,% ao dia
cdi,2026-04-17,0.054266,diaria,% ao dia
cdi,2026-04-20,0.054266,diaria,% ao dia
cdi,2026-04-22,0.054266,diaria,% ao dia
cdi,2026-04-23,0.054266,diaria,% ao dia
cdi,2026-04-24,0.054266,diaria,% ao dia
cdi,2026-04-27,0.054266,diaria,% ao dia
cdi,2026-04-28,0.054266,diaria,% ao dia
cdi,2026-04-29,0.054266,diaria,% ao dia
cdi,2026-04-30,0.0534,diaria,% ao dia
cdi,2026-05-04,0.0534,diaria,% ao dia
cdi,2026-05-05,0.0534,diaria,% ao dia
cdi,2026-05-06,0.0534,diaria,% ao dia
cdi,2026-05-07,0.0534,diaria,% ao dia
cdi,2026-05-08,0.0534,diaria,% ao dia
cdi,2026-05-11,0.0534,diaria,% ao dia
cdi,2026-05-12,0.0534,diaria,% ao dia
cdi,2026-05-13,0.0534,diaria,% ao dia
cdi,2026-05-14,0.0534,diaria,% ao dia
cdi,2026-05-15,0.0534,diaria,% ao dia
cdi,2026-05-18,0.0534,diaria,% ao dia
cdi,2026-05-19,0.0534,diaria,% ao dia
cdi,2026-05-20,0.0534,diaria,% ao dia
cdi,2026-05-21,0.0534,diaria,% ao dia
cdi,2026-05-22,0.0534,diaria,% ao dia
cdi,2026-05-25,0.0534,diaria,% ao dia
cdi,2026-05-26,0.0534,diaria,% ao dia
cdi,2026-05-27,0.0534,diaria,% ao dia
cdi,2026-05-28,0.0534,diaria,% ao dia
cdi,2026-05-29,0.0534,diaria,% ao dia
cdi,2026-06-01,0.0534,diaria,% ao dia
cdi,2026-06-02,0.0534,diaria,% ao dia
cdi,2026-06-03,0.0534,diaria,% ao dia
cdi,2026-06-05,0.0534,diaria,% ao dia
cdi,2026-06-08,0.0534,diaria,% ao dia
cdi,2026-06-09,0.0534,diaria,% ao dia
cdi,2026-06-10,0.0534,diaria,% ao dia
cdi,2026-06-11,0.0534,diaria,% ao dia
cdi,2026-06-12,0.0534,diaria,% ao dia
cdi,2026-06-15,0.0534,diaria,% ao dia
cdi,2026-06-16,0.0534,diaria,% ao dia
cdi,2026-06-17,0.0534,diaria,% ao dia
cdi,2026-06-18,0.052531,diaria,% ao dia
cdi,2026-06-19,0.052531,diaria,% ao dia
cdi,2026-06-22,0.052531,diaria,% ao dia
cdi,2026-06-23,0.052531,diaria,% ao dia
cdi,2026-06-24,0.052531,diaria,% ao dia
cdi,2026-06-25,0.052531,diaria,% ao dia
cdi,2026-06-26,0.052531,diaria,% ao dia
cdi,2026-06-29,0.052531,diaria,% ao dia
cdi,2026-06-30,0.052531,diaria,% ao dia
cdi,2026-07-01,0.052531,diaria,% ao dia
cdi,2026-07-02,0.052531,diaria,% ao dia
cdi,2026-07-03,0.052531,diaria,% ao dia
cdi,2026-07-06,0.052531,diaria,% ao dia
cdi,2026-07-07,0.052531,diaria,% ao dia
cdi,2026-07-08,0.052531,diaria,% ao dia
cdi,2026-07-09,0.052531,diaria,% ao dia
cdi,2026-07-10,0.052531,diaria,% ao dia
cdi,2026-07-13,0.052531,diaria,% ao dia
cdi,2026-07-14,0.052531,diaria,% ao dia
cdi,2026-07-15,0.052531,diaria,% ao dia
cdi,2026-07-16,0.052531,diaria,% ao dia
cdi,2026-07-17,0.052531,diaria,% ao dia
cdi,2026-07-20,0.052531,diaria,% ao dia
cdi,2026-07-21,0.052531,diaria,% ao dia
cdi,2026-07-22,0.052531,diaria,% ao dia
cdi,2026-07-23,0.052531,diaria,% ao dia
cdi,2026-07-24,0.052531,diaria,% ao dia
cdi,2026-07-27,0.052531,diaria,% ao dia
cdi,2026-07-28,0.052531,diaria,% ao dia
cdi,2026-07-29,0.052531,diaria,% ao dia
cdi,2026-07-30,0.052531,diaria,% ao dia
cdi,2026-07-31,0.052531,diaria,% ao dia
cdi,2026-08-03,0.052531,diaria,% ao dia
cdi,2026-08-04,0.052531,diaria,% ao dia
cdi,2026-08-05,0.052531,diaria,% ao dia
cdi,2026-08-06,0.05166,diaria,% ao dia
cdi,2026-08-07,0.05166,diaria,% ao dia
cdi,2026-08-10,0.05166,diaria,% ao dia
cdi,2026-08-11,0.05166,diaria,% ao dia
cdi,2026-08-12,0.05166,diaria,% ao dia
cdi,2026-08-13,0.05166,diaria,% ao dia
cdi,2026-08-14,0.05166,diaria,% ao dia
cdi,2026-08-17,0.05166,diaria,% ao dia
cdi,2026-08-18,0.05166,diaria,% ao dia
ibovespa,2021-08-19,117165.0,diaria,pontos
ibovespa,2021-08-20,118053.0,diaria,pontos
ibovespa,2021-08-23,117472.0,diaria,pontos
ibovespa,2021-08-24,120211.0,diaria,pontos
ibovespa,2021-08-25,120818.0,diaria,pontos
ibovespa,2021-08-26,118724.0,diaria,pontos
ibovespa,2021-08-27,120678.0,diaria,pontos
ibovespa,2021-08-30,119740.0,diaria,pontos
ibovespa,2021-08-31,118781.0,diaria,pontos
ibovespa,2021-09-01,119396.0,diaria,pontos
ibovespa,2021-09-02,116677.0,diaria,pontos
ibovespa,2021-09-03,116933.0,diaria,pontos
ibovespa,2021-09-06,117869.0,diaria,pontos
ibovespa,2021-09-08,113413.0,diaria,pontos
ibovespa,2021-09-09,115361.0,diaria,pontos
ibovespa,2021-09-10,114286.0,diaria,pontos
ibovespa,2021-09-13,116404.0,diaria,pontos
ibovespa,2021-09-14,116181.0,diaria,pontos
ibovespa,2021-09-15,115063.0,diaria,pontos
ibovespa,2021-09-16,113794.0,diaria,pontos
ibovespa,2021-09-17,111439.0,diaria,pontos
ibovespa,2021-09-20,108844.0,diaria,pontos
ibovespa,2021-09-21,110250.0,diaria,pontos
ibovespa,2021-09-22,112282.0,diaria,pontos
ibovespa,2021-09-23,114064.0,diaria,pontos
ibovespa,2021-09-24,113283.0,diaria,pontos
ibovespa,2021-09-27,113583.0,diaria,pontos
ibovespa,2021-09-28,110124.0,diaria,pontos
ibovespa,2021-09-29,111107.0,diaria,pontos
ibovespa,2021-09-30,110979.0,diaria,pontos
ibovespa,2021-10-01,112900.0,diaria,pontos
ibovespa,2021-10-04,110393.0,diaria,pontos
ibovespa,2021-10-05,110458.0,diaria,pontos
ibovespa,2021-10-06,110560.0,diaria,pontos
ibovespa,2021-10-07,110585.0,diaria,pontos
ibovespa,2021-10-08,112833.0,diaria,pontos
ibovespa,2021-10-11,112180.0,diaria,pontos
ibovespa,2021-10-13,113456.0,diaria,pontos
ibovespa,2021-10-14,113185.0,diaria,pontos
ibovespa,2021-10-15,114648.0,diaria,pontos
ibovespa,2021-10-18,114428.0,diaria,pontos
ibovespa,2021-10-19,110673.0,diaria,pontos
ibovespa,2021-10-20,110786.0,diaria,pontos
ibovespa,2021-10-21,107735.0,diaria,pontos
ibovespa,2021-10-22,106296.0,diaria,pontos
ibovespa,2021-10-25,108715.0,diaria,pontos
ibovespa,2021-10-26,106420.0,diaria,pontos
ibovespa,2021-10-27,106363.0,diaria,pontos
ibovespa,2021-10-28,105705.0,diaria,pontos
ibovespa,2021-10-29,103501.0,diaria,pontos
ibovespa,2021-11-01,105551.0,diaria,pontos
ibovespa,2021-11-03,105617.0,diaria,pontos
ibovespa,2021-11-04,103412.0,diaria,pontos
ibovespa,2021-11-05,104824.0,diaria,pontos
ibovespa,2021-11-08,104781.0,diaria,pontos
ibovespa,2021-11-09,105535.0,diaria,pontos
ibovespa,2021-11-10,105968.0,diaria,pontos
ibovespa,2021-11-11,107725.0,diaria,pontos
ibovespa,2021-11-12,106312.0,diaria,pontos
ibovespa,2021-11-16,104508.0,diaria,pontos
ibovespa,2021-11-17,102945.0,diaria,pontos
ibovespa,2021-11-18,102524.0,diaria,pontos
ibovespa,2021-11-19,103035.0,diaria,pontos
ibovespa,2021-11-22,102122.0,diaria,pontos
ibovespa,2021-11-23,103663.0,diaria,pontos
ibovespa,2021-11-24,104514.0,diaria,pontos
ibovespa,2021-11-25,105811.0,diaria,pontos
ibovespa,2021-11-26,102224.0,diaria,pontos
ibovespa,2021-11-29,102814.0,diaria,pontos
ibovespa,2021-11-30,101915.0,diaria,pontos
ibovespa,2021-12-01,100775.0,diaria,pontos
ibovespa,2021-12-02,104466.0,diaria,pontos
ibovespa,2021-12-03,105070.0,diaria,pontos
ibovespa,2021-12-06,106859.0,diaria,pontos
ibovespa,2021-12-07,107558.0,diaria,pontos
ibovespa,2021-12-08,108096.0,diaria,pontos
ibovespa,2021-12-09,106291.0,diaria,pontos
ibovespa,2021-12-10,107758.0,diaria,pontos
ibovespa,2021-12-13,107383.0,diaria,pontos
ibovespa,2021-12-14,106760.0,diaria,pontos
ibovespa,2021-12-15,107370.0,diaria,pontos
ibovespa,2021-12-16,108212.0,diaria,pontos
ibovespa,2021-12-17,107201.0,diaria,pontos
ibovespa,2021-12-20,105020.0,diaria,pontos
ibovespa,2021-12-21,105500.0,diaria,pontos
ibovespa,2021-12-22,105244.0,diaria,pontos
ibovespa,2021-12-23,104891.0,diaria,pontos
ibovespa,2021-12-27,105531.0,diaria,pontos
ibovespa,2021-12-28,104864.0,diaria,pontos
ibovespa,2021-12-29,104107.0,diaria,pontos
ibovespa,2021-12-30,104822.0,diaria,pontos
ibovespa,2022-01-03,103922.0,diaria,pontos
ibovespa,2022-01-04,103514.0,diaria,pontos
ibovespa,2022-01-05,101006.0,diaria,pontos
ibovespa,2022-01-06,101561.0,diaria,pontos
ibovespa,2022-01-07,102719.0,diaria,pontos
ibovespa,2022-01-10,101945.0,diaria,pontos
ibovespa,2022-01-11,103779.0,diaria,pontos
ibovespa,2022-01-12,105686.0,diaria,pontos
ibovespa,2022-01-13,105530.0,diaria,pontos
ibovespa,2022-01-14,106928.0,diaria,pontos
ibovespa,2022-01-17,106692.0,diaria,pontos
ibovespa,2022-01-18,106522.0,diaria,pontos
ibovespa,2022-01-19,108013.0,diaria,pontos
ibovespa,2022-01-20,109102.0,diaria,pontos
ibovespa,2022-01-21,108942.0,diaria,pontos
ibovespa,2022-01-24,107752.0,diaria,pontos
ibovespa,2022-01-25,109845.0,diaria,pontos
ibovespa,2022-01-26,111573.0,diaria,pontos
ibovespa,2022-01-27,112315.0,diaria,pontos
ibovespa,2022-01-28,111478.0,diaria,pontos
ibovespa,2022-01-31,112388.0,diaria,pontos
ibovespa,2022-02-01,113147.0,diaria,pontos
ibovespa,2022-02-02,112161.0,diaria,pontos
ibovespa,2022-02-03,111696.0,diaria,pontos
ibovespa,2022-02-04,112245.0,diaria,pontos
ibovespa,2022-02-07,111996.0,diaria,pontos
ibovespa,2022-02-08,112234.0,diaria,pontos
ibovespa,2022-02-09,112461.0,diaria,pontos
ibovespa,2022-02-10,113359.0,diaria,pontos
ibovespa,2022-02-11,113572.0,diaria,pontos
ibovespa,2022-02-14,113807.0,diaria,pontos
ibovespa,2022-02-15,114660.0,diaria,pontos
ibovespa,2022-02-16,115181.0,diaria,pontos
ibovespa,2022-02-17,113528.0,diaria,pontos
ibovespa,2022-02-18,112768.0,diaria,pontos
ibovespa,2022-02-21,111725.0,diaria,pontos
ibovespa,2022-02-22,112892.0,diaria,pontos
ibovespa,2022-02-23,112008.0,diaria,pontos
ibovespa,2022-02-24,111592.0,diaria,pontos
ibovespa,2022-02-25,113142.0,diaria,pontos
ibovespa,2022-03-02,115174.0,diaria,pontos
ibovespa,2022-03-03,115166.0,diaria,pontos
ibovespa,2022-03-04,114474.0,diaria,pontos
ibovespa,2022-03-07,111593.0,diaria,pontos
ibovespa,2022-03-08,111203.0,diaria,pontos
ibovespa,2022-03-09,113900.0,diaria,pontos
ibovespa,2022-03-10,113663.0,diaria,pontos
ibovespa,2022-03-11,111713.0,diaria,pontos
ibovespa,2022-03-14,109928.0,diaria,pontos
ibovespa,2022-03-15,108959.0,diaria,pontos
ibovespa,2022-03-16,111112.0,diaria,pontos
ibovespa,2022-03-17,113076.0,diaria,pontos
ibovespa,2022-03-18,115311.0,diaria,pontos
ibovespa,2022-03-21,116155.0,diaria,pontos
ibovespa,2022-03-22,117272.0,diaria,pontos
ibovespa,2022-03-23,117457.0,diaria,pontos
ibovespa,2022-03-24,119053.0,diaria,pontos
ibovespa,2022-03-25,119081.0,diaria,pontos
ibovespa,2022-03-28,118738.0,diaria,pontos
ibovespa,2022-03-29,120014.0,diaria,pontos
ibovespa,2022-03-30,120260.0,diaria,pontos
ibovespa,2022-03-31,119999.0,diaria,pontos
ibovespa,2022-04-01,121570.0,diaria,pontos
ibovespa,2022-04-04,121280.0,diaria,pontos
ibovespa,2022-04-05,118885.0,diaria,pontos
ibovespa,2022-04-06,118228.0,diaria,pontos
ibovespa,2022-04-07,118862.0,diaria,pontos
ibovespa,2022-04-08,118322.0,diaria,pontos
ibovespa,2022-04-11,116953.0,diaria,pontos
ibovespa,2022-04-12,116147.0,diaria,pontos
ibovespa,2022-04-13,116782.0,diaria,pontos
ibovespa,2022-04-14,116182.0,diaria,pontos
ibovespa,2022-04-18,115687.0,diaria,pontos
ibovespa,2022-04-19,115057.0,diaria,pontos
ibovespa,2022-04-20,114344.0,diaria,pontos
ibovespa,2022-04-22,111078.0,diaria,pontos
ibovespa,2022-04-25,110685.0,diaria,pontos
ibovespa,2022-04-26,108213.0,diaria,pontos
ibovespa,2022-04-27,109349.0,diaria,pontos
ibovespa,2022-04-28,109919.0,diaria,pontos
ibovespa,2022-04-29,107876.0,diaria,pontos
ibovespa,2022-05-02,106639.0,diaria,pontos
ibovespa,2022-05-03,106528.0,diaria,pontos
ibovespa,2022-05-04,108344.0,diaria,pontos
ibovespa,2022-05-05,105304.0,diaria,pontos
ibovespa,2022-05-06,105135.0,diaria,pontos
ibovespa,2022-05-09,103250.0,diaria,pontos
ibovespa,2022-05-10,103110.0,diaria,pontos
ibovespa,2022-05-11,104397.0,diaria,pontos
ibovespa,2022-05-12,105688.0,diaria,pontos
ibovespa,2022-05-13,106924.0,diaria,pontos
ibovespa,2022-05-16,108233.0,diaria,pontos
ibovespa,2022-05-17,108789.0,diaria,pontos
ibovespa,2022-05-18,106247.0,diaria,pontos
ibovespa,2022-05-19,107005.0,diaria,pontos
ibovespa,2022-05-20,108488.0,diaria,pontos
ibovespa,2022-05-23,110346.0,diaria,pontos
ibovespa,2022-05-24,110581.0,diaria,pontos
ibovespa,2022-05-25,110580.0,diaria,pontos
ibovespa,2022-05-26,111890.0,diaria,pontos
ibovespa,2022-05-27,111942.0,diaria,pontos
ibovespa,2022-05-30,111032.0,diaria,pontos
ibovespa,2022-05-31,111351.0,diaria,pontos
ibovespa,2022-06-01,111360.0,diaria,pontos
ibovespa,2022-06-02,112393.0,diaria,pontos
ibovespa,2022-06-03,111102.0,diaria,pontos
ibovespa,2022-06-06,110186.0,diaria,pontos
ibovespa,2022-06-07,110070.0,diaria,pontos
ibovespa,2022-06-08,108368.0,diaria,pontos
ibovespa,2022-06-09,107094.0,diaria,pontos
ibovespa,2022-06-10,105481.0,diaria,pontos
ibovespa,2022-06-13,102598.0,diaria,pontos
ibovespa,2022-06-14,102063.0,diaria,pontos
ibovespa,2022-06-15,102807.0,diaria,pontos
ibovespa,2022-06-17,99825.0,diaria,pontos
ibovespa,2022-06-20,99853.0,diaria,pontos
ibovespa,2022-06-21,99685.0,diaria,pontos
ibovespa,2022-06-22,99522.0,diaria,pontos
ibovespa,2022-06-23,98080.0,diaria,pontos
ibovespa,2022-06-24,98672.0,diaria,pontos
ibovespa,2022-06-27,100764.0,diaria,pontos
ibovespa,2022-06-28,100591.0,diaria,pontos
ibovespa,2022-06-29,99622.0,diaria,pontos
ibovespa,2022-06-30,98542.0,diaria,pontos
ibovespa,2022-07-01,98954.0,diaria,pontos
ibovespa,2022-07-04,98609.0,diaria,pontos
ibovespa,2022-07-05,98295.0,diaria,pontos
ibovespa,2022-07-06,98719.0,diaria,pontos
ibovespa,2022-07-07,100730.0,diaria,pontos
ibovespa,2022-07-08,100289.0,diaria,pontos
ibovespa,2022-07-11,98212.0,diaria,pontos
ibovespa,2022-07-12,98271.0,diaria,pontos
ibovespa,2022-07-13,97881.0,diaria,pontos
ibovespa,2022-07-14,96121.0,diaria,pontos
ibovespa,2022-07-15,96551.0,diaria,pontos
ibovespa,2022-07-18,96916.0,diaria,pontos
ibovespa,2022-07-19,98245.0,diaria,pontos
ibovespa,2022-07-20,98287.0,diaria,pontos
ibovespa,2022-07-21,99033.0,diaria,pontos
ibovespa,2022-07-22,98925.0,diaria,pontos
ibovespa,2022-07-25,100270.0,diaria,pontos
ibovespa,2022-07-26,99772.0,diaria,pontos
ibovespa,2022-07-27,101438.0,diaria,pontos
ibovespa,2022-07-28,102597.0,diaria,pontos
ibovespa,2022-07-29,103165.0,diaria,pontos
ibovespa,2022-08-01,102225.0,diaria,pontos
ibovespa,2022-08-02,103362.0,diaria,pontos
ibovespa,2022-08-03,103775.0,diaria,pontos
ibovespa,2022-08-04,105892.0,diaria,pontos
ibovespa,2022-08-05,106472.0,diaria,pontos
ibovespa,2022-08-08,108402.0,diaria,pontos
ibovespa,2022-08-09,108651.0,diaria,pontos
ibovespa,2022-08-10,110236.0,diaria,pontos
ibovespa,2022-08-11,109718.0,diaria,pontos
ibovespa,2022-08-12,112764.0,diaria,pontos
ibovespa,2022-08-15,113032.0,diaria,pontos
ibovespa,2022-08-16,113512.0,diaria,pontos
ibovespa,2022-08-17,113708.0,diaria,pontos
ibovespa,2022-08-18,113813.0,diaria,pontos
ibovespa,2022-08-19,111496.0,diaria,pontos
ibovespa,2022-08-22,110501.0,diaria,pontos
ibovespa,2022-08-23,112857.0,diaria,pontos
ibovespa,2022-08-24,112898.0,diaria,pontos
ibovespa,2022-08-25,113532.0,diaria,pontos
ibovespa,2022-08-26,112299.0,diaria,pontos
ibovespa,2022-08-29,112323.0,diaria,pontos
ibovespa,2022-08-30,110431.0,diaria,pontos
ibovespa,2022-08-31,109523.0,diaria,pontos
ibovespa,2022-09-01,110405.0,diaria,pontos
ibovespa,2022-09-02,110864.0,diaria,pontos
ibovespa,2022-09-05,112203.0,diaria,pontos
ibovespa,2022-09-06,109764.0,diaria,pontos
ibovespa,2022-09-08,109916.0,diaria,pontos
ibovespa,2022-09-09,112300.0,diaria,pontos
ibovespa,2022-09-12,113407.0,diaria,pontos
ibovespa,2022-09-13,110794.0,diaria,pontos
ibovespa,2022-09-14,110547.0,diaria,pontos
ibovespa,2022-09-15,109954.0,diaria,pontos
ibovespa,2022-09-16,109280.0,diaria,pontos
ibovespa,2022-09-19,111824.0,diaria,pontos
ibovespa,2022-09-20,112517.0,diaria,pontos
ibovespa,2022-09-21,111936.0,diaria,pontos
ibovespa,2022-09-22,114070.0,diaria,pontos
ibovespa,2022-09-23,111716.0,diaria,pontos
ibovespa,2022-09-26,109114.0,diaria,pontos
ibovespa,2022-09-27,108376.0,diaria,pontos
ibovespa,2022-09-28,108451.0,diaria,pontos
ibovespa,2022-09-29,107664.0,diaria,pontos
ibovespa,2022-09-30,110037.0,diaria,pontos
ibovespa,2022-10-03,116134.0,diaria,pontos
ibovespa,2022-10-04,116230.0,diaria,pontos
ibovespa,2022-10-05,117198.0,diaria,pontos
ibovespa,2022-10-06,117561.0,diaria,pontos
ibovespa,2022-10-07,116375.0,diaria,pontos
ibovespa,2022-10-10,115941.0,diaria,pontos
ibovespa,2022-10-11,114827.0,diaria,pontos
ibovespa,2022-10-13,114300.0,diaria,pontos
ibovespa,2022-10-14,112072.0,diaria,pontos
ibovespa,2022-10-17,113624.0,diaria,pontos
ibovespa,2022-10-18,115743.0,diaria,pontos
ibovespa,2022-10-19,116274.0,diaria,pontos
ibovespa,2022-10-20,117171.0,diaria,pontos
ibovespa,2022-10-21,119929.0,diaria,pontos
ibovespa,2022-10-24,116013.0,diaria,pontos
ibovespa,2022-10-25,114626.0,diaria,pontos
ibovespa,2022-10-26,112764.0,diaria,pontos
ibovespa,2022-10-27,114641.0,diaria,pontos
ibovespa,2022-10-28,114539.0,diaria,pontos
ibovespa,2022-10-31,116037.0,diaria,pontos
ibovespa,2022-11-01,116929.0,diaria,pontos
ibovespa,2022-11-03,116896.0,diaria,pontos
ibovespa,2022-11-04,118155.0,diaria,pontos
ibovespa,2022-11-07,115342.0,diaria,pontos
ibovespa,2022-11-08,116160.0,diaria,pontos
ibovespa,2022-11-09,113580.0,diaria,pontos
ibovespa,2022-11-10,109775.0,diaria,pontos
ibovespa,2022-11-11,112253.0,diaria,pontos
ibovespa,2022-11-14,113161.0,diaria,pontos
ibovespa,2022-11-16,110243.0,diaria,pontos
ibovespa,2022-11-17,109703.0,diaria,pontos
ibovespa,2022-11-18,108880.0,diaria,pontos
ibovespa,2022-11-21,109748.0,diaria,pontos
ibovespa,2022-11-22,109037.0,diaria,pontos
ibovespa,2022-11-23,108683.0,diaria,pontos
ibovespa,2022-11-24,111831.0,diaria,pontos
ibovespa,2022-11-25,108977.0,diaria,pontos
ibovespa,2022-11-28,108782.0,diaria,pontos
ibovespa,2022-11-29,110910.0,diaria,pontos
ibovespa,2022-11-30,112486.0,diaria,pontos
ibovespa,2022-12-01,110926.0,diaria,pontos
ibovespa,2022-12-02,111924.0,diaria,pontos
ibovespa,2022-12-05,109401.0,diaria,pontos
ibovespa,2022-12-06,109533.0,diaria,pontos
ibovespa,2022-12-07,109361.0,diaria,pontos
ibovespa,2022-12-08,107245.0,diaria,pontos
ibovespa,2022-12-09,107689.0,diaria,pontos
ibovespa,2022-12-12,105264.0,diaria,pontos
ibovespa,2022-12-13,103892.0,diaria,pontos
ibovespa,2022-12-14,103803.0,diaria,pontos
ibovespa,2022-12-15,103738.0,diaria,pontos
ibovespa,2022-12-16,102825.0,diaria,pontos
ibovespa,2022-12-19,104530.0,diaria,pontos
ibovespa,2022-12-20,106979.0,diaria,pontos
ibovespa,2022-12-21,107313.0,diaria,pontos
ibovespa,2022-12-22,107317.0,diaria,pontos
ibovespa,2022-12-23,109698.0,diaria,pontos
ibovespa,2022-12-26,108738.0,diaria,pontos
ibovespa,2022-12-27,108347.0,diaria,pontos
ibovespa,2022-12-28,110237.0,diaria,pontos
ibovespa,2022-12-29,110031.0,diaria,pontos
ibovespa,2023-01-02,106376.0,diaria,pontos
ibovespa,2023-01-03,104166.0,diaria,pontos
ibovespa,2023-01-04,105334.0,diaria,pontos
ibovespa,2023-01-05,107518.0,diaria,pontos
ibovespa,2023-01-06,108836.0,diaria,pontos
ibovespa,2023-01-09,109227.0,diaria,pontos
ibovespa,2023-01-10,110912.0,diaria,pontos
ibovespa,2023-01-11,111763.0,diaria,pontos
ibovespa,2023-01-12,111877.0,diaria,pontos
ibovespa,2023-01-13,110916.0,diaria,pontos
ibovespa,2023-01-16,109213.0,diaria,pontos
ibovespa,2023-01-17,111439.0,diaria,pontos
ibovespa,2023-01-18,112452.0,diaria,pontos
ibovespa,2023-01-19,113006.0,diaria,pontos
ibovespa,2023-01-20,112301.0,diaria,pontos
ibovespa,2023-01-23,111709.0,diaria,pontos
ibovespa,2023-01-24,113028.0,diaria,pontos
ibovespa,2023-01-25,114195.0,diaria,pontos
ibovespa,2023-01-26,114109.0,diaria,pontos
ibovespa,2023-01-27,112502.0,diaria,pontos
ibovespa,2023-01-30,111888.0,diaria,pontos
ibovespa,2023-01-31,113532.0,diaria,pontos
ibovespa,2023-02-01,112303.0,diaria,pontos
ibovespa,2023-02-02,109935.0,diaria,pontos
ibovespa,2023-02-03,108490.0,diaria,pontos
ibovespa,2023-02-06,108456.0,diaria,pontos
ibovespa,2023-02-07,107920.0,diaria,pontos
ibovespa,2023-02-08,109882.0,diaria,pontos
ibovespa,2023-02-09,107783.0,diaria,pontos
ibovespa,2023-02-10,108150.0,diaria,pontos
ibovespa,2023-02-13,108846.0,diaria,pontos
ibovespa,2023-02-14,107659.0,diaria,pontos
ibovespa,2023-02-15,109442.0,diaria,pontos
ibovespa,2023-02-16,109905.0,diaria,pontos
ibovespa,2023-02-17,109303.0,diaria,pontos
ibovespa,2023-02-22,107152.0,diaria,pontos
ibovespa,2023-02-23,107720.0,diaria,pontos
ibovespa,2023-02-24,105873.0,diaria,pontos
ibovespa,2023-02-27,105711.0,diaria,pontos
ibovespa,2023-02-28,104932.0,diaria,pontos
ibovespa,2023-03-01,104385.0,diaria,pontos
ibovespa,2023-03-02,103326.0,diaria,pontos
ibovespa,2023-03-03,103866.0,diaria,pontos
ibovespa,2023-03-06,104700.0,diaria,pontos
ibovespa,2023-03-07,104228.0,diaria,pontos
ibovespa,2023-03-08,106540.0,diaria,pontos
ibovespa,2023-03-09,105071.0,diaria,pontos
ibovespa,2023-03-10,103618.0,diaria,pontos
ibovespa,2023-03-13,103121.0,diaria,pontos
ibovespa,2023-03-14,102932.0,diaria,pontos
ibovespa,2023-03-15,102675.0,diaria,pontos
ibovespa,2023-03-16,103435.0,diaria,pontos
ibovespa,2023-03-17,101982.0,diaria,pontos
ibovespa,2023-03-20,100923.0,diaria,pontos
ibovespa,2023-03-21,100998.0,diaria,pontos
ibovespa,2023-03-22,100221.0,diaria,pontos
ibovespa,2023-03-23,97926.0,diaria,pontos
ibovespa,2023-03-24,98829.0,diaria,pontos
ibovespa,2023-03-27,99670.0,diaria,pontos
ibovespa,2023-03-28,101185.0,diaria,pontos
ibovespa,2023-03-29,101793.0,diaria,pontos
ibovespa,2023-03-30,103713.0,diaria,pontos
ibovespa,2023-03-31,101882.0,diaria,pontos
ibovespa,2023-04-03,101506.0,diaria,pontos
ibovespa,2023-04-04,101869.0,diaria,pontos
ibovespa,2023-04-05,100978.0,diaria,pontos
ibovespa,2023-04-06,100822.0,diaria,pontos
ibovespa,2023-04-10,101847.0,diaria,pontos
ibovespa,2023-04-11,106214.0,diaria,pontos
ibovespa,2023-04-12,106890.0,diaria,pontos
ibovespa,2023-04-13,106458.0,diaria,pontos
ibovespa,2023-04-14,106279.0,diaria,pontos
ibovespa,2023-04-17,106016.0,diaria,pontos
ibovespa,2023-04-18,106163.0,diaria,pontos
ibovespa,2023-04-19,103913.0,diaria,pontos
ibovespa,2023-04-20,104367.0,diaria,pontos
ibovespa,2023-04-24,103947.0,diaria,pontos
ibovespa,2023-04-25,103220.0,diaria,pontos
ibovespa,2023-04-26,102312.0,diaria,pontos
ibovespa,2023-04-27,102923.0,diaria,pontos
ibovespa,2023-04-28,104432.0,diaria,pontos
ibovespa,2023-05-02,101927.0,diaria,pontos
ibovespa,2023-05-03,101797.0,diaria,pontos
ibovespa,2023-05-04,102174.0,diaria,pontos
ibovespa,2023-05-05,105148.0,diaria,pontos
ibovespa,2023-05-08,106042.0,diaria,pontos
ibovespa,2023-05-09,107114.0,diaria,pontos
ibovespa,2023-05-10,107448.0,diaria,pontos
ibovespa,2023-05-11,108256.0,diaria,pontos
ibovespa,2023-05-12,108464.0,diaria,pontos
ibovespa,2023-05-15,109029.0,diaria,pontos
ibovespa,2023-05-16,108194.0,diaria,pontos
ibovespa,2023-05-17,109460.0,diaria,pontos
ibovespa,2023-05-18,110108.0,diaria,pontos
ibovespa,2023-05-19,110745.0,diaria,pontos
ibovespa,2023-05-22,110213.0,diaria,pontos
ibovespa,2023-05-23,109929.0,diaria,pontos
ibovespa,2023-05-24,108800.0,diaria,pontos
ibovespa,2023-05-25,110054.0,diaria,pontos
ibovespa,2023-05-26,110906.0,diaria,pontos
ibovespa,2023-05-29,110333.0,diaria,pontos
ibovespa,2023-05-30,108967.0,diaria,pontos
ibovespa,2023-05-31,108335.0,diaria,pontos
ibovespa,2023-06-01,110565.0,diaria,pontos
ibovespa,2023-06-02,112558.0,diaria,pontos
ibovespa,2023-06-05,112696.0,diaria,pontos
ibovespa,2023-06-06,114610.0,diaria,pontos
ibovespa,2023-06-07,115488.0,diaria,pontos
ibovespa,2023-06-09,117019.0,diaria,pontos
ibovespa,2023-06-12,117336.0,diaria,pontos
ibovespa,2023-06-13,116743.0,diaria,pontos
ibovespa,2023-06-14,119069.0,diaria,pontos
ibovespa,2023-06-15,119221.0,diaria,pontos
ibovespa,2023-06-16,118758.0,diaria,pontos
ibovespa,2023-06-19,119858.0,diaria,pontos
ibovespa,2023-06-20,119622.0,diaria,pontos
ibovespa,2023-06-21,120420.0,diaria,pontos
ibovespa,2023-06-22,118934.0,diaria,pontos
ibovespa,2023-06-23,118977.0,diaria,pontos
ibovespa,2023-06-26,118243.0,diaria,pontos
ibovespa,2023-06-27,117523.0,diaria,pontos
ibovespa,2023-06-28,116681.0,diaria,pontos
ibovespa,2023-06-29,118383.0,diaria,pontos
ibovespa,2023-06-30,118087.0,diaria,pontos
ibovespa,2023-07-03,119673.0,diaria,pontos
ibovespa,2023-07-04,119076.0,diaria,pontos
ibovespa,2023-07-05,119549.0,diaria,pontos
ibovespa,2023-07-06,117426.0,diaria,pontos
ibovespa,2023-07-07,118898.0,diaria,pontos
ibovespa,2023-07-10,117942.0,diaria,pontos
ibovespa,2023-07-11,117220.0,diaria,pontos
ibovespa,2023-07-12,117666.0,diaria,pontos
ibovespa,2023-07-13,119264.0,diaria,pontos
ibovespa,2023-07-14,117711.0,diaria,pontos
ibovespa,2023-07-17,118219.0,diaria,pontos
ibovespa,2023-07-18,117841.0,diaria,pontos
ibovespa,2023-07-19,117552.0,diaria,pontos
ibovespa,2023-07-20,118083.0,diaria,pontos
ibovespa,2023-07-21,120217.0,diaria,pontos
ibovespa,2023-07-24,121342.0,diaria,pontos
ibovespa,2023-07-25,122008.0,diaria,pontos
ibovespa,2023-07-26,122560.0,diaria,pontos
ibovespa,2023-07-27,119990.0,diaria,pontos
ibovespa,2023-07-28,120187.0,diaria,pontos
ibovespa,2023-07-31,121943.0,diaria,pontos
ibovespa,2023-08-01,121248.0,diaria,pontos
ibovespa,2023-08-02,120859.0,diaria,pontos
ibovespa,2023-08-03,120586.0,diaria,pontos
ibovespa,2023-08-04,119508.0,diaria,pontos
ibovespa,2023-08-07,119380.0,diaria,pontos
ibovespa,2023-08-08,119090.0,diaria,pontos
ibovespa,2023-08-09,118409.0,diaria,pontos
ibovespa,2023-08-10,118350.0,diaria,pontos
ibovespa,2023-08-11,118065.0,diaria,pontos
ibovespa,2023-08-14,116810.0,diaria,pontos
ibovespa,2023-08-15,116171.0,diaria,pontos
ibovespa,2023-08-16,115592.0,diaria,pontos
ibovespa,2023-08-17,114982.0,diaria,pontos
ibovespa,2023-08-18,115409.0,diaria,pontos
ibovespa,2023-08-21,114429.0,diaria,pontos
ibovespa,2023-08-22,116156.0,diaria,pontos
ibovespa,2023-08-23,118135.0,diaria,pontos
ibovespa,2023-08-24,117026.0,diaria,pontos
ibovespa,2023-08-25,115837.0,diaria,pontos
ibovespa,2023-08-28,117121.0,diaria,pontos
ibovespa,2023-08-29,118404.0,diaria,pontos
ibovespa,2023-08-30,117535.0,diaria,pontos
ibovespa,2023-08-31,115742.0,diaria,pontos
ibovespa,2023-09-01,117893.0,diaria,pontos
ibovespa,2023-09-04,117777.0,diaria,pontos
ibovespa,2023-09-05,117331.0,diaria,pontos
ibovespa,2023-09-06,115985.0,diaria,pontos
ibovespa,2023-09-08,115313.0,diaria,pontos
ibovespa,2023-09-11,116883.0,diaria,pontos
ibovespa,2023-09-12,117968.0,diaria,pontos
ibovespa,2023-09-13,118176.0,diaria,pontos
ibovespa,2023-09-14,119392.0,diaria,pontos
ibovespa,2023-09-15,118758.0,diaria,pontos
ibovespa,2023-09-18,118288.0,diaria,pontos
ibovespa,2023-09-19,117846.0,diaria,pontos
ibovespa,2023-09-20,118695.0,diaria,pontos
ibovespa,2023-09-21,116145.0,diaria,pontos
ibovespa,2023-09-22,116009.0,diaria,pontos
ibovespa,2023-09-25,115925.0,diaria,pontos
ibovespa,2023-09-26,114193.0,diaria,pontos
ibovespa,2023-09-27,114327.0,diaria,pontos
ibovespa,2023-09-28,115731.0,diaria,pontos
ibovespa,2023-09-29,116565.0,diaria,pontos
ibovespa,2023-10-02,115057.0,diaria,pontos
ibovespa,2023-10-03,113419.0,diaria,pontos
ibovespa,2023-10-04,113607.0,diaria,pontos
ibovespa,2023-10-05,113284.0,diaria,pontos
ibovespa,2023-10-06,114170.0,diaria,pontos
ibovespa,2023-10-09,115156.0,diaria,pontos
ibovespa,2023-10-10,116737.0,diaria,pontos
ibovespa,2023-10-11,117051.0,diaria,pontos
ibovespa,2023-10-13,115754.0,diaria,pontos
ibovespa,2023-10-16,116534.0,diaria,pontos
ibovespa,2023-10-17,115908.0,diaria,pontos
ibovespa,2023-10-18,114060.0,diaria,pontos
ibovespa,2023-10-19,114004.0,diaria,pontos
ibovespa,2023-10-20,113155.0,diaria,pontos
ibovespa,2023-10-23,112785.0,diaria,pontos
ibovespa,2023-10-24,113762.0,diaria,pontos
ibovespa,2023-10-25,112830.0,diaria,pontos
ibovespa,2023-10-26,114777.0,diaria,pontos
ibovespa,2023-10-27,113301.0,diaria,pontos
ibovespa,2023-10-30,112532.0,diaria,pontos
ibovespa,2023-10-31,113144.0,diaria,pontos
ibovespa,2023-11-01,115053.0,diaria,pontos
ibovespa,2023-11-03,118160.0,diaria,pontos
ibovespa,2023-11-06,118487.0,diaria,pontos
ibovespa,2023-11-07,119268.0,diaria,pontos
ibovespa,2023-11-08,119099.0,diaria,pontos
ibovespa,2023-11-09,119012.0,diaria,pontos
ibovespa,2023-11-10,120636.0,diaria,pontos
ibovespa,2023-11-13,120376.0,diaria,pontos
ibovespa,2023-11-14,123328.0,diaria,pontos
ibovespa,2023-11-16,124576.0,diaria,pontos
ibovespa,2023-11-17,125062.0,diaria,pontos
ibovespa,2023-11-20,126095.0,diaria,pontos
ibovespa,2023-11-21,125607.0,diaria,pontos
ibovespa,2023-11-22,126035.0,diaria,pontos
ibovespa,2023-11-23,126576.0,diaria,pontos
ibovespa,2023-11-24,125542.0,diaria,pontos
ibovespa,2023-11-27,125683.0,diaria,pontos
ibovespa,2023-11-28,126538.0,diaria,pontos
ibovespa,2023-11-29,126101.0,diaria,pontos
ibovespa,2023-11-30,127331.0,diaria,pontos
ibovespa,2023-12-01,128103.0,diaria,pontos
ibovespa,2023-12-04,126803.0,diaria,pontos
ibovespa,2023-12-05,126903.0,diaria,pontos
ibovespa,2023-12-06,125623.0,diaria,pontos
ibovespa,2023-12-07,126010.0,diaria,pontos
ibovespa,2023-12-08,127094.0,diaria,pontos
ibovespa,2023-12-11,126916.0,diaria,pontos
ibovespa,2023-12-12,126403.0,diaria,pontos
ibovespa,2023-12-13,129465.0,diaria,pontos
ibovespa,2023-12-14,130842.0,diaria,pontos
ibovespa,2023-12-15,130197.0,diaria,pontos
ibovespa,2023-12-18,131084.0,diaria,pontos
ibovespa,2023-12-19,131851.0,diaria,pontos
ibovespa,2023-12-20,130804.0,diaria,pontos
ibovespa,2023-12-21,132182.0,diaria,pontos
ibovespa,2023-12-22,132753.0,diaria,pontos
ibovespa,2023-12-26,133533.0,diaria,pontos
ibovespa,2023-12-27,134194.0,diaria,pontos
ibovespa,2023-12-28,134185.0,diaria,pontos
ibovespa,2024-01-02,132697.0,diaria,pontos
ibovespa,2024-01-03,132834.0,diaria,pontos
ibovespa,2024-01-04,131226.0,diaria,pontos
ibovespa,2024-01-05,132023.0,diaria,pontos
ibovespa,2024-01-08,132427.0,diaria,pontos
ibovespa,2024-01-09,131447.0,diaria,pontos
ibovespa,2024-01-10,130841.0,diaria,pontos
ibovespa,2024-01-11,130649.0,diaria,pontos
ibovespa,2024-01-12,130988.0,diaria,pontos
ibovespa,2024-01-15,131521.0,diaria,pontos
ibovespa,2024-01-16,129294.0,diaria,pontos
ibovespa,2024-01-17,128524.0,diaria,pontos
ibovespa,2024-01-18,127316.0,diaria,pontos
ibovespa,2024-01-19,127636.0,diaria,pontos
ibovespa,2024-01-22,126602.0,diaria,pontos
ibovespa,2024-01-23,128263.0,diaria,pontos
ibovespa,2024-01-24,127816.0,diaria,pontos
ibovespa,2024-01-25,128169.0,diaria,pontos
ibovespa,2024-01-26,128967.0,diaria,pontos
ibovespa,2024-01-29,128503.0,diaria,pontos
ibovespa,2024-01-30,127402.0,diaria,pontos
ibovespa,2024-01-31,127752.0,diaria,pontos
ibovespa,2024-02-01,128481.0,diaria,pontos
ibovespa,2024-02-02,127182.0,diaria,pontos
ibovespa,2024-02-05,127593.0,diaria,pontos
ibovespa,2024-02-06,130416.0,diaria,pontos
ibovespa,2024-02-07,129608.0,diaria,pontos
ibovespa,2024-02-08,128217.0,diaria,pontos
ibovespa,2024-02-09,128026.0,diaria,pontos
ibovespa,2024-02-14,127018.0,diaria,pontos
ibovespa,2024-02-15,127804.0,diaria,pontos
ibovespa,2024-02-16,128726.0,diaria,pontos
ibovespa,2024-02-19,129036.0,diaria,pontos
ibovespa,2024-02-20,129916.0,diaria,pontos
ibovespa,2024-02-21,130032.0,diaria,pontos
ibovespa,2024-02-22,130241.0,diaria,pontos
ibovespa,2024-02-23,129419.0,diaria,pontos
ibovespa,2024-02-26,129609.0,diaria,pontos
ibovespa,2024-02-27,131689.0,diaria,pontos
ibovespa,2024-02-28,130155.0,diaria,pontos
ibovespa,2024-02-29,129020.0,diaria,pontos
ibovespa,2024-03-01,129180.0,diaria,pontos
ibovespa,2024-03-04,128341.0,diaria,pontos
ibovespa,2024-03-05,128098.0,diaria,pontos
ibovespa,2024-03-06,128890.0,diaria,pontos
ibovespa,2024-03-07,128340.0,diaria,pontos
ibovespa,2024-03-08,127071.0,diaria,pontos
ibovespa,2024-03-11,126124.0,diaria,pontos
ibovespa,2024-03-12,127668.0,diaria,pontos
ibovespa,2024-03-13,128006.0,diaria,pontos
ibovespa,2024-03-14,127690.0,diaria,pontos
ibovespa,2024-03-15,126742.0,diaria,pontos
ibovespa,2024-03-18,126954.0,diaria,pontos
ibovespa,2024-03-19,127529.0,diaria,pontos
ibovespa,2024-03-20,129125.0,diaria,pontos
ibovespa,2024-03-21,128159.0,diaria,pontos
ibovespa,2024-03-22,127027.0,diaria,pontos
ibovespa,2024-03-25,126931.0,diaria,pontos
ibovespa,2024-03-26,126863.0,diaria,pontos
ibovespa,2024-03-27,127691.0,diaria,pontos
ibovespa,2024-03-28,128106.0,diaria,pontos
ibovespa,2024-04-01,126990.0,diaria,pontos
ibovespa,2024-04-02,127549.0,diaria,pontos
ibovespa,2024-04-03,127318.0,diaria,pontos
ibovespa,2024-04-04,127428.0,diaria,pontos
ibovespa,2024-04-05,126795.0,diaria,pontos
ibovespa,2024-04-08,128857.0,diaria,pontos
ibovespa,2024-04-09,129890.0,diaria,pontos
ibovespa,2024-04-10,128054.0,diaria,pontos
ibovespa,2024-04-11,127396.0,diaria,pontos
ibovespa,2024-04-12,125946.0,diaria,pontos
ibovespa,2024-04-15,125334.0,diaria,pontos
ibovespa,2024-04-16,124389.0,diaria,pontos
ibovespa,2024-04-17,124171.0,diaria,pontos
ibovespa,2024-04-18,124196.0,diaria,pontos
ibovespa,2024-04-19,125124.0,diaria,pontos
ibovespa,2024-04-22,125573.0,diaria,pontos
ibovespa,2024-04-23,125148.0,diaria,pontos
ibovespa,2024-04-24,124741.0,diaria,pontos
ibovespa,2024-04-25,124646.0,diaria,pontos
ibovespa,2024-04-26,126526.0,diaria,pontos
ibovespa,2024-04-29,127352.0,diaria,pontos
ibovespa,2024-04-30,125924.0,diaria,pontos
ibovespa,2024-05-02,127122.0,diaria,pontos
ibovespa,2024-05-03,128509.0,diaria,pontos
ibovespa,2024-05-06,128466.0,diaria,pontos
ibovespa,2024-05-07,129210.0,diaria,pontos
ibovespa,2024-05-08,129481.0,diaria,pontos
ibovespa,2024-05-09,128188.0,diaria,pontos
ibovespa,2024-05-10,127600.0,diaria,pontos
ibovespa,2024-05-13,128155.0,diaria,pontos
ibovespa,2024-05-14,128515.0,diaria,pontos
ibovespa,2024-05-15,128028.0,diaria,pontos
ibovespa,2024-05-16,128284.0,diaria,pontos
ibovespa,2024-05-17,128151.0,diaria,pontos
ibovespa,2024-05-20,127751.0,diaria,pontos
ibovespa,2024-05-21,127412.0,diaria,pontos
ibovespa,2024-05-22,125650.0,diaria,pontos
ibovespa,2024-05-23,124729.0,diaria,pontos
ibovespa,2024-05-24,124306.0,diaria,pontos
ibovespa,2024-05-27,124496.0,diaria,pontos
ibovespa,2024-05-28,123780.0,diaria,pontos
ibovespa,2024-05-29,122707.0,diaria,pontos
ibovespa,2024-05-31,122098.0,diaria,pontos
ibovespa,2024-06-03,122032.0,diaria,pontos
ibovespa,2024-06-04,121802.0,diaria,pontos
ibovespa,2024-06-05,121407.0,diaria,pontos
ibovespa,2024-06-06,122899.0,diaria,pontos
ibovespa,2024-06-07,120767.0,diaria,pontos
ibovespa,2024-06-10,120760.0,diaria,pontos
ibovespa,2024-06-11,121635.0,diaria,pontos
ibovespa,2024-06-12,119936.0,diaria,pontos
ibovespa,2024-06-13,119568.0,diaria,pontos
ibovespa,2024-06-14,119662.0,diaria,pontos
ibovespa,2024-06-17,119138.0,diaria,pontos
ibovespa,2024-06-18,119630.0,diaria,pontos
ibovespa,2024-06-19,120261.0,diaria,pontos
ibovespa,2024-06-20,120446.0,diaria,pontos
ibovespa,2024-06-21,121341.0,diaria,pontos
ibovespa,2024-06-24,122637.0,diaria,pontos
ibovespa,2024-06-25,122331.0,diaria,pontos
ibovespa,2024-06-26,122641.0,diaria,pontos
ibovespa,2024-06-27,124308.0,diaria,pontos
ibovespa,2024-06-28,123907.0,diaria,pontos
ibovespa,2024-07-01,124718.0,diaria,pontos
ibovespa,2024-07-02,124787.0,diaria,pontos
ibovespa,2024-07-03,125662.0,diaria,pontos
ibovespa,2024-07-04,126164.0,diaria,pontos
ibovespa,2024-07-05,126267.0,diaria,pontos
ibovespa,2024-07-08,126548.0,diaria,pontos
ibovespa,2024-07-09,127108.0,diaria,pontos
ibovespa,2024-07-10,127218.0,diaria,pontos
ibovespa,2024-07-11,128294.0,diaria,pontos
ibovespa,2024-07-12,128897.0,diaria,pontos
ibovespa,2024-07-15,129321.0,diaria,pontos
ibovespa,2024-07-16,129110.0,diaria,pontos
ibovespa,2024-07-17,129450.0,diaria,pontos
ibovespa,2024-07-18,127652.0,diaria,pontos
ibovespa,2024-07-19,127616.0,diaria,pontos
ibovespa,2024-07-22,127860.0,diaria,pontos
ibovespa,2024-07-23,126590.0,diaria,pontos
ibovespa,2024-07-24,126423.0,diaria,pontos
ibovespa,2024-07-25,125954.0,diaria,pontos
ibovespa,2024-07-26,127492.0,diaria,pontos
ibovespa,2024-07-29,126954.0,diaria,pontos
ibovespa,2024-07-30,126139.0,diaria,pontos
ibovespa,2024-07-31,127652.0,diaria,pontos
ibovespa,2024-08-01,127395.0,diaria,pontos
ibovespa,2024-08-02,125854.0,diaria,pontos
ibovespa,2024-08-05,125270.0,diaria,pontos
ibovespa,2024-08-06,126267.0,diaria,pontos
ibovespa,2024-08-07,127514.0,diaria,pontos
ibovespa,2024-08-08,128661.0,diaria,pontos
ibovespa,2024-08-09,130615.0,diaria,pontos
ibovespa,2024-08-12,131116.0,diaria,pontos
ibovespa,2024-08-13,132398.0,diaria,pontos
ibovespa,2024-08-14,133318.0,diaria,pontos
ibovespa,2024-08-15,134153.0,diaria,pontos
ibovespa,2024-08-16,133953.0,diaria,pontos
ibovespa,2024-08-19,135778.0,diaria,pontos
ibovespa,2024-08-20,136087.0,diaria,pontos
ibovespa,2024-08-21,136464.0,diaria,pontos
ibovespa,2024-08-22,135173.0,diaria,pontos
ibovespa,2024-08-23,135608.0,diaria,pontos
ibovespa,2024-08-26,136889.0,diaria,pontos
ibovespa,2024-08-27,136776.0,diaria,pontos
ibovespa,2024-08-28,137344.0,diaria,pontos
ibovespa,2024-08-29,136041.0,diaria,pontos
ibovespa,2024-08-30,136004.0,diaria,pontos
ibovespa,2024-09-02,134981.0,diaria,pontos
ibovespa,2024-09-03,134353.0,diaria,pontos
ibovespa,2024-09-04,136111.0,diaria,pontos
ibovespa,2024-09-05,136502.0,diaria,pontos
ibovespa,2024-09-06,134572.0,diaria,pontos
ibovespa,2024-09-09,134737.0,diaria,pontos
ibovespa,2024-09-10,134320.0,diaria,pontos
ibovespa,2024-09-11,134677.0,diaria,pontos
ibovespa,2024-09-12,134029.0,diaria,pontos
ibovespa,2024-09-13,134882.0,diaria,pontos
ibovespa,2024-09-16,135118.0,diaria,pontos
ibovespa,2024-09-17,134960.0,diaria,pontos
ibovespa,2024-09-18,133748.0,diaria,pontos
ibovespa,2024-09-19,133123.0,diaria,pontos
ibovespa,2024-09-20,131065.0,diaria,pontos
ibovespa,2024-09-23,130568.0,diaria,pontos
ibovespa,2024-09-24,132156.0,diaria,pontos
ibovespa,2024-09-25,131586.0,diaria,pontos
ibovespa,2024-09-26,133010.0,diaria,pontos
ibovespa,2024-09-27,132730.0,diaria,pontos
ibovespa,2024-09-30,131816.0,diaria,pontos
ibovespa,2024-10-01,132495.0,diaria,pontos
ibovespa,2024-10-02,133515.0,diaria,pontos
ibovespa,2024-10-03,131672.0,diaria,pontos
ibovespa,2024-10-04,131792.0,diaria,pontos
ibovespa,2024-10-07,132018.0,diaria,pontos
ibovespa,2024-10-08,131512.0,diaria,pontos
ibovespa,2024-10-09,129962.0,diaria,pontos
ibovespa,2024-10-10,130353.0,diaria,pontos
ibovespa,2024-10-11,129992.0,diaria,pontos
ibovespa,2024-10-14,131005.0,diaria,pontos
ibovespa,2024-10-15,131043.0,diaria,pontos
ibovespa,2024-10-16,131750.0,diaria,pontos
ibovespa,2024-10-17,130793.0,diaria,pontos
ibovespa,2024-10-18,130499.0,diaria,pontos
ibovespa,2024-10-21,130362.0,diaria,pontos
ibovespa,2024-10-22,129721.0,diaria,pontos
ibovespa,2024-10-23,129233.0,diaria,pontos
ibovespa,2024-10-24,130067.0,diaria,pontos
ibovespa,2024-10-25,129893.0,diaria,pontos
ibovespa,2024-10-28,131213.0,diaria,pontos
ibovespa,2024-10-29,130730.0,diaria,pontos
ibovespa,2024-10-30,130639.0,diaria,pontos
ibovespa,2024-10-31,129713.0,diaria,pontos
ibovespa,2024-11-01,128121.0,diaria,pontos
ibovespa,2024-11-04,130515.0,diaria,pontos
ibovespa,2024-11-05,130661.0,diaria,pontos
ibovespa,2024-11-06,130341.0,diaria,pontos
ibovespa,2024-11-07,129682.0,diaria,pontos
ibovespa,2024-11-08,127830.0,diaria,pontos
ibovespa,2024-11-11,127874.0,diaria,pontos
ibovespa,2024-11-12,127698.0,diaria,pontos
ibovespa,2024-11-13,127734.0,diaria,pontos
ibovespa,2024-11-14,127792.0,diaria,pontos
ibovespa,2024-11-18,127768.0,diaria,pontos
ibovespa,2024-11-19,128197.0,diaria,pontos
ibovespa,2024-11-21,126922.0,diaria,pontos
ibovespa,2024-11-22,129126.0,diaria,pontos
ibovespa,2024-11-25,129036.0,diaria,pontos
ibovespa,2024-11-26,129922.0,diaria,pontos
ibovespa,2024-11-27,127669.0,diaria,pontos
ibovespa,2024-11-28,124610.0,diaria,pontos
ibovespa,2024-11-29,125668.0,diaria,pontos
ibovespa,2024-12-02,125236.0,diaria,pontos
ibovespa,2024-12-03,126139.0,diaria,pontos
ibovespa,2024-12-04,126087.0,diaria,pontos
ibovespa,2024-12-05,127858.0,diaria,pontos
ibovespa,2024-12-06,125946.0,diaria,pontos
ibovespa,2024-12-09,127210.0,diaria,pontos
ibovespa,2024-12-10,128228.0,diaria,pontos
ibovespa,2024-12-11,129593.0,diaria,pontos
ibovespa,2024-12-12,126042.0,diaria,pontos
ibovespa,2024-12-13,124612.0,diaria,pontos
ibovespa,2024-12-16,123560.0,diaria,pontos
ibovespa,2024-12-17,124698.0,diaria,pontos
ibovespa,2024-12-18,120772.0,diaria,pontos
ibovespa,2024-12-19,121188.0,diaria,pontos
ibovespa,2024-12-20,122102.0,diaria,pontos
ibovespa,2024-12-23,120767.0,diaria,pontos
ibovespa,2024-12-26,121078.0,diaria,pontos
ibovespa,2024-12-27,120269.0,diaria,pontos
ibovespa,2024-12-30,120283.0,diaria,pontos
ibovespa,2025-01-02,120125.0,diaria,pontos
ibovespa,2025-01-03,118533.0,diaria,pontos
ibovespa,2025-01-06,120022.0,diaria,pontos
ibovespa,2025-01-07,121163.0,diaria,pontos
ibovespa,2025-01-08,119625.0,diaria,pontos
ibovespa,2025-01-09,119781.0,diaria,pontos
ibovespa,2025-01-10,118856.0,diaria,pontos
ibovespa,2025-01-13,119007.0,diaria,pontos
ibovespa,2025-01-14,119299.0,diaria,pontos
ibovespa,2025-01-15,122650.0,diaria,pontos
ibovespa,2025-01-16,121234.0,diaria,pontos
ibovespa,2025-01-17,122350.0,diaria,pontos
ibovespa,2025-01-20,122543.0,diaria,pontos
ibovespa,2025-01-21,123338.0,diaria,pontos
ibovespa,2025-01-22,122972.0,diaria,pontos
ibovespa,2025-01-23,122483.0,diaria,pontos
ibovespa,2025-01-24,122447.0,diaria,pontos
ibovespa,2025-01-27,124862.0,diaria,pontos
ibovespa,2025-01-28,124056.0,diaria,pontos
ibovespa,2025-01-29,123432.0,diaria,pontos
ibovespa,2025-01-30,126913.0,diaria,pontos
ibovespa,2025-01-31,126135.0,diaria,pontos
ibovespa,2025-02-03,125970.0,diaria,pontos
ibovespa,2025-02-04,125147.0,diaria,pontos
ibovespa,2025-02-05,125534.0,diaria,pontos
ibovespa,2025-02-06,126225.0,diaria,pontos
ibovespa,2025-02-07,124619.0,diaria,pontos
ibovespa,2025-02-10,125572.0,diaria,pontos
ibovespa,2025-02-11,126522.0,diaria,pontos
ibovespa,2025-02-12,124380.0,diaria,pontos
ibovespa,2025-02-13,124850.0,diaria,pontos
ibovespa,2025-02-14,128219.0,diaria,pontos
ibovespa,2025-02-17,128869.0,diaria,pontos
ibovespa,2025-02-18,128532.0,diaria,pontos
ibovespa,2025-02-19,127309.0,diaria,pontos
ibovespa,2025-02-20,127601.0,diaria,pontos
ibovespa,2025-02-21,127128.0,diaria,pontos
ibovespa,2025-02-24,125401.0,diaria,pontos
ibovespa,2025-02-25,125980.0,diaria,pontos
ibovespa,2025-02-26,124769.0,diaria,pontos
ibovespa,2025-02-27,124799.0,diaria,pontos
ibovespa,2025-02-28,122799.0,diaria,pontos
ibovespa,2025-03-05,123047.0,diaria,pontos
ibovespa,2025-03-06,123358.0,diaria,pontos
ibovespa,2025-03-07,125035.0,diaria,pontos
ibovespa,2025-03-10,124519.0,diaria,pontos
ibovespa,2025-03-11,123507.0,diaria,pontos
ibovespa,2025-03-12,123864.0,diaria,pontos
ibovespa,2025-03-13,125637.0,diaria,pontos
ibovespa,2025-03-14,128957.0,diaria,pontos
ibovespa,2025-03-17,130834.0,diaria,pontos
ibovespa,2025-03-18,131475.0,diaria,pontos
ibovespa,2025-03-19,132508.0,diaria,pontos
ibovespa,2025-03-20,131955.0,diaria,pontos
ibovespa,2025-03-21,132345.0,diaria,pontos
ibovespa,2025-03-24,131321.0,diaria,pontos
ibovespa,2025-03-25,132068.0,diaria,pontos
ibovespa,2025-03-26,132520.0,diaria,pontos
ibovespa,2025-03-27,133149.0,diaria,pontos
ibovespa,2025-03-28,131902.0,diaria,pontos
ibovespa,2025-03-31,130260.0,diaria,pontos
ibovespa,2025-04-01,131147.0,diaria,pontos
ibovespa,2025-04-02,131190.0,diaria,pontos
ibovespa,2025-04-03,131141.0,diaria,pontos
ibovespa,2025-04-04,127256.0,diaria,pontos
ibovespa,2025-04-07,125588.0,diaria,pontos
ibovespa,2025-04-08,123932.0,diaria,pontos
ibovespa,2025-04-09,127796.0,diaria,pontos
ibovespa,2025-04-10,126355.0,diaria,pontos
ibovespa,2025-04-11,127682.0,diaria,pontos
ibovespa,2025-04-14,129454.0,diaria,pontos
ibovespa,2025-04-15,129245.0,diaria,pontos
ibovespa,2025-04-16,128317.0,diaria,pontos
ibovespa,2025-04-17,129650.0,diaria,pontos
ibovespa,2025-04-22,130464.0,diaria,pontos
ibovespa,2025-04-23,132216.0,diaria,pontos
ibovespa,2025-04-24,134580.0,diaria,pontos
ibovespa,2025-04-25,134739.0,diaria,pontos
ibovespa,2025-04-28,135016.0,diaria,pontos
ibovespa,2025-04-29,135093.0,diaria,pontos
ibovespa,2025-04-30,135067.0,diaria,pontos
ibovespa,2025-05-02,135134.0,diaria,pontos
ibovespa,2025-05-05,133491.0,diaria,pontos
ibovespa,2025-05-06,133516.0,diaria,pontos
ibovespa,2025-05-07,133398.0,diaria,pontos
ibovespa,2025-05-08,136232.0,diaria,pontos
ibovespa,2025-05-09,136512.0,diaria,pontos
ibovespa,2025-05-12,136563.0,diaria,pontos
ibovespa,2025-05-13,138963.0,diaria,pontos
ibovespa,2025-05-14,138423.0,diaria,pontos
ibovespa,2025-05-15,139334.0,diaria,pontos
ibovespa,2025-05-16,139187.0,diaria,pontos
ibovespa,2025-05-19,139636.0,diaria,pontos
ibovespa,2025-05-20,140110.0,diaria,pontos
ibovespa,2025-05-21,137881.0,diaria,pontos
ibovespa,2025-05-22,137273.0,diaria,pontos
ibovespa,2025-05-23,137824.0,diaria,pontos
ibovespa,2025-05-26,138136.0,diaria,pontos
ibovespa,2025-05-27,139541.0,diaria,pontos
ibovespa,2025-05-28,138888.0,diaria,pontos
ibovespa,2025-05-29,138534.0,diaria,pontos
ibovespa,2025-05-30,137027.0,diaria,pontos
ibovespa,2025-06-02,136787.0,diaria,pontos
ibovespa,2025-06-03,137546.0,diaria,pontos
ibovespa,2025-06-04,137002.0,diaria,pontos
ibovespa,2025-06-05,136236.0,diaria,pontos
ibovespa,2025-06-06,136102.0,diaria,pontos
ibovespa,2025-06-09,135699.0,diaria,pontos
ibovespa,2025-06-10,136436.0,diaria,pontos
ibovespa,2025-06-11,137128.0,diaria,pontos
ibovespa,2025-06-12,137800.0,diaria,pontos
ibovespa,2025-06-13,137213.0,diaria,pontos
ibovespa,2025-06-16,139256.0,diaria,pontos
ibovespa,2025-06-17,138840.0,diaria,pontos
ibovespa,2025-06-18,138717.0,diaria,pontos
ibovespa,2025-06-20,137116.0,diaria,pontos
ibovespa,2025-06-23,136551.0,diaria,pontos
ibovespa,2025-06-24,137165.0,diaria,pontos
ibovespa,2025-06-25,135767.0,diaria,pontos
ibovespa,2025-06-26,137114.0,diaria,pontos
ibovespa,2025-06-27,136866.0,diaria,pontos
ibovespa,2025-06-30,138855.0,diaria,pontos
ibovespa,2025-07-01,139549.0,diaria,pontos
ibovespa,2025-07-02,139051.0,diaria,pontos
ibovespa,2025-07-03,140928.0,diaria,pontos
ibovespa,2025-07-04,141478.0,diaria,pontos
ibovespa,2025-07-07,139490.0,diaria,pontos
ibovespa,2025-07-08,139303.0,diaria,pontos
ibovespa,2025-07-09,137481.0,diaria,pontos
ibovespa,2025-07-10,136743.0,diaria,pontos
ibovespa,2025-07-11,136187.0,diaria,pontos
ibovespa,2025-07-14,135299.0,diaria,pontos
ibovespa,2025-07-15,135250.0,diaria,pontos
ibovespa,2025-07-16,135511.0,diaria,pontos
ibovespa,2025-07-17,135565.0,diaria,pontos
ibovespa,2025-07-18,133382.0,diaria,pontos
ibovespa,2025-07-21,134167.0,diaria,pontos
ibovespa,2025-07-22,134036.0,diaria,pontos
ibovespa,2025-07-23,135368.0,diaria,pontos
ibovespa,2025-07-24,133808.0,diaria,pontos
ibovespa,2025-07-25,133524.0,diaria,pontos
ibovespa,2025-07-28,132129.0,diaria,pontos
ibovespa,2025-07-29,132726.0,diaria,pontos
ibovespa,2025-07-30,133990.0,diaria,pontos
ibovespa,2025-07-31,133071.0,diaria,pontos
ibovespa,2025-08-01,132437.0,diaria,pontos
ibovespa,2025-08-04,132971.0,diaria,pontos
ibovespa,2025-08-05,133151.0,diaria,pontos
ibovespa,2025-08-06,134538.0,diaria,pontos
ibovespa,2025-08-07,136528.0,diaria,pontos
ibovespa,2025-08-08,135913.0,diaria,pontos
ibovespa,2025-08-11,135623.0,diaria,pontos
ibovespa,2025-08-12,137914.0,diaria,pontos
ibovespa,2025-08-13,136687.0,diaria,pontos
ibovespa,2025-08-14,136356.0,diaria,pontos
ibovespa,2025-08-15,136341.0,diaria,pontos
ibovespa,2025-08-18,137322.0,diaria,pontos
ibovespa,2025-08-19,134432.0,diaria,pontos
ibovespa,2025-08-20,134667.0,diaria,pontos
ibovespa,2025-08-21,134511.0,diaria,pontos
ibovespa,2025-08-22,137968.0,diaria,pontos
ibovespa,2025-08-25,138025.0,diaria,pontos
ibovespa,2025-08-26,137771.0,diaria,pontos
ibovespa,2025-08-27,139206.0,diaria,pontos
ibovespa,2025-08-28,141049.0,diaria,pontos
ibovespa,2025-08-29,141422.0,diaria,pontos
ibovespa,2025-09-01,141125.0,diaria,pontos
ibovespa,2025-09-02,140335.0,diaria,pontos
ibovespa,2025-09-03,139864.0,diaria,pontos
ibovespa,2025-09-04,140993.0,diaria,pontos
ibovespa,2025-09-05,142640.0,diaria,pontos
ibovespa,2025-09-08,141792.0,diaria,pontos
ibovespa,2025-09-09,141618.0,diaria,pontos
ibovespa,2025-09-10,142349.0,diaria,pontos
ibovespa,2025-09-11,143151.0,diaria,pontos
ibovespa,2025-09-12,142272.0,diaria,pontos
ibovespa,2025-09-15,143547.0,diaria,pontos
ibovespa,2025-09-16,144062.0,diaria,pontos
ibovespa,2025-09-17,145594.0,diaria,pontos
ibovespa,2025-09-18,145500.0,diaria,pontos
ibovespa,2025-09-19,145865.0,diaria,pontos
ibovespa,2025-09-22,145109.0,diaria,pontos
ibovespa,2025-09-23,146425.0,diaria,pontos
ibovespa,2025-09-24,146492.0,diaria,pontos
ibovespa,2025-09-25,145306.0,diaria,pontos
ibovespa,2025-09-26,145447.0,diaria,pontos
ibovespa,2025-09-29,146337.0,diaria,pontos
ibovespa,2025-09-30,146237.0,diaria,pontos
ibovespa,2025-10-01,145517.0,diaria,pontos
ibovespa,2025-10-02,143950.0,diaria,pontos
ibovespa,2025-10-03,144201.0,diaria,pontos
ibovespa,2025-10-06,143608.0,diaria,pontos
ibovespa,2025-10-07,141356.0,diaria,pontos
ibovespa,2025-10-08,142145.0,diaria,pontos
ibovespa,2025-10-09,141708.0,diaria,pontos
ibovespa,2025-10-10,140680.0,diaria,pontos
ibovespa,2025-10-13,141783.0,diaria,pontos
ibovespa,2025-10-14,141683.0,diaria,pontos
ibovespa,2025-10-15,142604.0,diaria,pontos
ibovespa,2025-10-16,142200.0,diaria,pontos
ibovespa,2025-10-17,143399.0,diaria,pontos
ibovespa,2025-10-20,144509.0,diaria,pontos
ibovespa,2025-10-21,144085.0,diaria,pontos
ibovespa,2025-10-22,144873.0,diaria,pontos
ibovespa,2025-10-23,145721.0,diaria,pontos
ibovespa,2025-10-24,146172.0,diaria,pontos
ibovespa,2025-10-27,146969.0,diaria,pontos
ibovespa,2025-10-28,147429.0,diaria,pontos
ibovespa,2025-10-29,148633.0,diaria,pontos
ibovespa,2025-10-30,148780.0,diaria,pontos
ibovespa,2025-10-31,149540.0,diaria,pontos
ibovespa,2025-11-03,150454.0,diaria,pontos
ibovespa,2025-11-04,150704.0,diaria,pontos
ibovespa,2025-11-05,153294.0,diaria,pontos
ibovespa,2025-11-06,153339.0,diaria,pontos
ibovespa,2025-11-07,154064.0,diaria,pontos
ibovespa,2025-11-10,155257.0,diaria,pontos
ibovespa,2025-11-11,157749.0,diaria,pontos
ibovespa,2025-11-12,157633.0,diaria,pontos
ibovespa,2025-11-13,157162.0,diaria,pontos
ibovespa,2025-11-14,157739.0,diaria,pontos
ibovespa,2025-11-17,156993.0,diaria,pontos
ibovespa,2025-11-18,156522.0,diaria,pontos
ibovespa,2025-11-19,155381.0,diaria,pontos
ibovespa,2025-11-21,154770.0,diaria,pontos
ibovespa,2025-11-24,155278.0,diaria,pontos
ibovespa,2025-11-25,155910.0,diaria,pontos
ibovespa,2025-11-26,158555.0,diaria,pontos
ibovespa,2025-11-27,158292.0,diaria,pontos
ibovespa,2025-11-28,159072.0,diaria,pontos
ibovespa,2025-12-01,158611.0,diaria,pontos
ibovespa,2025-12-02,161092.0,diaria,pontos
ibovespa,2025-12-03,161755.0,diaria,pontos
ibovespa,2025-12-04,164456.0,diaria,pontos
ibovespa,2025-12-05,157369.0,diaria,pontos
ibovespa,2025-12-08,158187.0,diaria,pontos
ibovespa,2025-12-09,157981.0,diaria,pontos
ibovespa,2025-12-10,159075.0,diaria,pontos
ibovespa,2025-12-11,159189.0,diaria,pontos
ibovespa,2025-12-12,160766.0,diaria,pontos
ibovespa,2025-12-15,162482.0,diaria,pontos
ibovespa,2025-12-16,158578.0,diaria,pontos
ibovespa,2025-12-17,157327.0,diaria,pontos
ibovespa,2025-12-18,157923.0,diaria,pontos
ibovespa,2025-12-19,158473.0,diaria,pontos
ibovespa,2025-12-22,158142.0,diaria,pontos
ibovespa,2025-12-23,160456.0,diaria,pontos
ibovespa,2025-12-26,160897.0,diaria,pontos
ibovespa,2025-12-29,160490.0,diaria,pontos
ibovespa,2025-12-30,161125.0,diaria,pontos
ibovespa,2026-01-02,160539.0,diaria,pontos
ibovespa,2026-01-05,161870.0,diaria,pontos
ibovespa,2026-01-06,163664.0,diaria,pontos
ibovespa,2026-01-07,161975.0,diaria,pontos
ibovespa,2026-01-08,162937.0,diaria,pontos
ibovespa,2026-01-09,163370.0,diaria,pontos
ibovespa,2026-01-12,163150.0,diaria,pontos
ibovespa,2026-01-13,161973.0,diaria,pontos
ibovespa,2026-01-14,165146.0,diaria,pontos
ibovespa,2026-01-15,165568.0,diaria,pontos
ibovespa,2026-01-16,164800.0,diaria,pontos
ibovespa,2026-01-19,164849.0,diaria,pontos
ibovespa,2026-01-20,166277.0,diaria,pontos
ibovespa,2026-01-21,171817.0,diaria,pontos
ibovespa,2026-01-22,175589.0,diaria,pontos
ibovespa,2026-01-23,178859.0,diaria,pontos
ibovespa,2026-01-26,178721.0,diaria,pontos
ibovespa,2026-01-27,181919.0,diaria,pontos
ibovespa,2026-01-28,184691.0,diaria,pontos
ibovespa,2026-01-29,183134.0,diaria,pontos
ibovespa,2026-01-30,181364.0,diaria,pontos
ibovespa,2026-02-02,182793.0,diaria,pontos
ibovespa,2026-02-03,185674.0,diaria,pontos
ibovespa,2026-02-04,181708.0,diaria,pontos
ibovespa,2026-02-05,182127.0,diaria,pontos
ibovespa,2026-02-06,182950.0,diaria,pontos
ibovespa,2026-02-09,186241.0,diaria,pontos
ibovespa,2026-02-10,185929.0,diaria,pontos
ibovespa,2026-02-11,189699.0,diaria,pontos
ibovespa,2026-02-12,187766.0,diaria,pontos
ibovespa,2026-02-13,186464.0,diaria,pontos
ibovespa,2026-02-18,186016.0,diaria,pontos
ibovespa,2026-02-19,188534.0,diaria,pontos
ibovespa,2026-02-20,190534.0,diaria,pontos
ibovespa,2026-02-23,188854.0,diaria,pontos
ibovespa,2026-02-24,191490.0,diaria,pontos
ibovespa,2026-02-25,191248.0,diaria,pontos
ibovespa,2026-02-26,191005.0,diaria,pontos
ibovespa,2026-02-27,188787.0,diaria,pontos
ibovespa,2026-03-02,189307.0,diaria,pontos
ibovespa,2026-03-03,183105.0,diaria,pontos
ibovespa,2026-03-04,185366.0,diaria,pontos
ibovespa,2026-03-05,180464.0,diaria,pontos
ibovespa,2026-03-06,179365.0,diaria,pontos
ibovespa,2026-03-09,180915.0,diaria,pontos
ibovespa,2026-03-10,183447.0,diaria,pontos
ibovespa,2026-03-11,183969.0,diaria,pontos
ibovespa,2026-03-12,179285.0,diaria,pontos
ibovespa,2026-03-13,177653.0,diaria,pontos
ibovespa,2026-03-16,179875.0,diaria,pontos
ibovespa,2026-03-17,180410.0,diaria,pontos
ibovespa,2026-03-18,179640.0,diaria,pontos
ibovespa,2026-03-19,180271.0,diaria,pontos
ibovespa,2026-03-20,176219.0,diaria,pontos
ibovespa,2026-03-23,181932.0,diaria,pontos
ibovespa,2026-03-24,182509.0,diaria,pontos
ibovespa,2026-03-25,185424.0,diaria,pontos
ibovespa,2026-03-26,182733.0,diaria,pontos
ibovespa,2026-03-27,181557.0,diaria,pontos
ibovespa,2026-03-30,182514.0,diaria,pontos
ibovespa,2026-03-31,187462.0,diaria,pontos
ibovespa,2026-04-01,187953.0,diaria,pontos
ibovespa,2026-04-02,188052.0,diaria,pontos
ibovespa,2026-04-06,188162.0,diaria,pontos
ibovespa,2026-04-07,188259.0,diaria,pontos
ibovespa,2026-04-08,192201.0,diaria,pontos
ibovespa,2026-04-09,195129.0,diaria,pontos
ibovespa,2026-04-10,197324.0,diaria,pontos
ibovespa,2026-04-13,198001.0,diaria,pontos
ibovespa,2026-04-14,198657.0,diaria,pontos
ibovespa,2026-04-15,197738.0,diaria,pontos
ibovespa,2026-04-16,196819.0,diaria,pontos
ibovespa,2026-04-17,195734.0,diaria,pontos
ibovespa,2026-04-20,196132.0,diaria,pontos
ibovespa,2026-04-22,192889.0,diaria,pontos
ibovespa,2026-04-23,191378.0,diaria,pontos
ibovespa,2026-04-24,190745.0,diaria,pontos
ibovespa,2026-04-27,189579.0,diaria,pontos
ibovespa,2026-04-28,188619.0,diaria,pontos
ibovespa,2026-04-29,184750.0,diaria,pontos
ibovespa,2026-04-30,187318.0,diaria,pontos
ibovespa,2026-05-04,185600.0,diaria,pontos
ibovespa,2026-05-05,186754.0,diaria,pontos
ibovespa,2026-05-06,187691.0,diaria,pontos
ibovespa,2026-05-07,183218.0,diaria,pontos
ibovespa,2026-05-08,184108.0,diaria,pontos
ibovespa,2026-05-11,181909.0,diaria,pontos
ibovespa,2026-05-12,180342.0,diaria,pontos
ibovespa,2026-05-13,177098.0,diaria,pontos
ibovespa,2026-05-14,178366.0,diaria,pontos
ibovespa,2026-05-15,177284.0,diaria,pontos
ibovespa,2026-05-18,176976.0,diaria,pontos
ibovespa,2026-05-19,174279.0,diaria,pontos
ibovespa,2026-05-20,177356.0,diaria,pontos
ibovespa,2026-05-21,177650.0,diaria,pontos
ibovespa,2026-05-22,176210.0,diaria,pontos
ibovespa,2026-05-25,177359.0,diaria,pontos
ibovespa,2026-05-26,176589.0,diaria,pontos
ibovespa,2026-05-27,175744.0,diaria,pontos
ibovespa,2026-05-28,175063.0,diaria,pontos
ibovespa,2026-05-29,173788.0,diaria,pontos
ibovespa,2026-06-01,172198.0,diaria,pontos
ibovespa,2026-06-02,174198.0,diaria,pontos
ibovespa,2026-06-03,170331.0,diaria,pontos
ibovespa,2026-06-05,169019.0,diaria,pontos
ibovespa,2026-06-08,168669.0,diaria,pontos
ibovespa,2026-06-09,169813.0,diaria,pontos
ibovespa,2026-06-10,168619.0,diaria,pontos
ibovespa,2026-06-11,171497.0,diaria,pontos
ibovespa,2026-06-12,171133.0,diaria,pontos
ibovespa,2026-06-15,170415.0,diaria,pontos
ibovespa,2026-06-16,169649.0,diaria,pontos
ibovespa,2026-06-17,168454.0,diaria,pontos
ibovespa,2026-06-18,168278.0,diaria,pontos
ibovespa,2026-06-19,168576.0,diaria,pontos
ibovespa,2026-06-22,170370.0,diaria,pontos
ibovespa,2026-06-23,171259.0,diaria,pontos
ibovespa,2026-06-24,170507.0,diaria,pontos
ibovespa,2026-06-25,171990.0,diaria,pontos
ibovespa,2026-06-26,173295.0,diaria,pontos
ibovespa,2026-06-29,173205.0,diaria,pontos
ibovespa,2026-06-30,172024.0,diaria,pontos
ibovespa,2026-07-01,171689.0,diaria,pontos
ibovespa,2026-07-02,172788.0,diaria,pontos
ibovespa,2026-07-03,174266.0,diaria,pontos
ibovespa,2026-07-06,172448.0,diaria,pontos
ibovespa,2026-07-07,172021.0,diaria,pontos
ibovespa,2026-07-08,170654.0,diaria,pontos
ibovespa,2026-07-09,172742.0,diaria,pontos
ibovespa,2026-07-10,177866.0,diaria,pontos
ibovespa,2026-07-13,175739.0,diaria,pontos
ibovespa,2026-07-14,176641.0,diaria,pontos
ibovespa,2026-07-15,176011.0,diaria,pontos
ibovespa,2026-07-16,173825.0,diaria,pontos
ibovespa,2026-07-17,173714.0,diaria,pontos
ibovespa,2026-07-20,173371.0,diaria,pontos
ibovespa,2026-07-21,173326.0,diaria,pontos
ibovespa,2026-07-22,177548.0,diaria,pontos
ibovespa,2026-07-23,176724.0,diaria,pontos
ibovespa,2026-07-24,174042.0,diaria,pontos
ibovespa,2026-07-27,175335.0,diaria,pontos
ibovespa,2026-07-28,176565.0,diaria,pontos
ibovespa,2026-07-29,173885.0,diaria,pontos
ibovespa,2026-07-30,177159.0,diaria,pontos
ibovespa,2026-07-31,177999.0,diaria,pontos
ibovespa,2026-08-03,178000.0,diaria,pontos
ibovespa,2026-08-04,177895.0,diaria,pontos
ibovespa,2026-08-05,177726.0,diaria,pontos
ibovespa,2026-08-06,175546.0,diaria,pontos
ibovespa,2026-08-07,172513.0,diaria,pontos
ibovespa,2026-08-10,172180.0,diaria,pontos
ibovespa,2026-08-11,167875.0,diaria,pontos
ibovespa,2026-08-12,167491.0,diaria,pontos
ibovespa,2026-08-13,167101.0,diaria,pontos
ibovespa,2026-08-14,166934.0,diaria,pontos
ibovespa,2026-08-17,166784.0,diaria,pontos
ibovespa,2026-08-18,166335.0,diaria,pontos
ibovespa,2026-08-19,167830.265625,diaria,pontos
ipca,2021-09-01,1.16,mensal,% no mês
ipca,2021-10-01,1.25,mensal,% no mês
ipca,2021-11-01,0.95,mensal,% no mês
ipca,2021-12-01,0.73,mensal,% no mês
ipca,2022-01-01,0.54,mensal,% no mês
ipca,2022-02-01,1.01,mensal,% no mês
ipca,2022-03-01,1.62,mensal,% no mês
ipca,2022-04-01,1.06,mensal,% no mês
ipca,2022-05-01,0.47,mensal,% no mês
ipca,2022-06-01,0.67,mensal,% no mês
ipca,2022-07-01,-0.68,mensal,% no mês
ipca,2022-08-01,-0.36,mensal,% no mês
ipca,2022-09-01,-0.29,mensal,% no mês
ipca,2022-10-01,0.59,mensal,% no mês
ipca,2022-11-01,0.41,mensal,% no mês
ipca,2022-12-01,0.62,mensal,% no mês
ipca,2023-01-01,0.53,mensal,% no mês
ipca,2023-02-01,0.84,mensal,% no mês
ipca,2023-03-01,0.71,mensal,% no mês
ipca,2023-04-01,0.61,mensal,% no mês
ipca,2023-05-01,0.23,mensal,% no mês
ipca,2023-06-01,-0.08,mensal,% no mês
ipca,2023-07-01,0.12,mensal,% no mês
ipca,2023-08-01,0.23,mensal,% no mês
ipca,2023-09-01,0.26,mensal,% no mês
ipca,2023-10-01,0.24,mensal,% no mês
ipca,2023-11-01,0.28,mensal,% no mês
ipca,2023-12-01,0.56,mensal,% no mês
ipca,2024-01-01,0.42,mensal,% no mês
ipca,2024-02-01,0.83,mensal,% no mês
ipca,2024-03-01,0.16,mensal,% no mês
ipca,2024-04-01,0.38,mensal,% no mês
ipca,2024-05-01,0.46,mensal,% no mês
ipca,2024-06-01,0.21,mensal,% no mês
ipca,2024-07-01,0.38,mensal,% no mês
ipca,2024-08-01,-0.02,mensal,% no mês
ipca,2024-09-01,0.44,mensal,% no mês
ipca,2024-10-01,0.56,mensal,% no mês
ipca,2024-11-01,0.39,mensal,% no mês
ipca,2024-12-01,0.52,mensal,% no mês
ipca,2025-01-01,0.16,mensal,% no mês
ipca,2025-02-01,1.31,mensal,% no mês
ipca,2025-03-01,0.56,mensal,% no mês
ipca,2025-04-01,0.43,mensal,% no mês
ipca,2025-05-01,0.26,mensal,% no mês
ipca,2025-06-01,0.24,mensal,% no mês
ipca,2025-07-01,0.26,mensal,% no mês
ipca,2025-08-01,-0.11,mensal,% no mês
ipca,2025-09-01,0.48,mensal,% no mês
ipca,2025-10-01,0.09,mensal,% no mês
ipca,2025-11-01,0.18,mensal,% no mês
ipca,2025-12-01,0.33,mensal,% no mês
ipca,2026-01-01,0.33,mensal,% no mês
ipca,2026-02-01,0.7,mensal,% no mês
ipca,2026-03-01,0.88,mensal,% no mês
ipca,2026-04-01,0.67,mensal,% no mês
ipca,2026-05-01,0.58,mensal,% no mês
ipca,2026-06-01,0.16,mensal,% no mês
ipca,2026-07-01,0.07,mensal,% no mês
usdbrl,2021-08-19,5.418,diaria,R$/US$
usdbrl,2021-08-20,5.4274,diaria,R$/US$
usdbrl,2021-08-23,5.3686,diaria,R$/US$
usdbrl,2021-08-24,5.3017,diaria,R$/US$
usdbrl,2021-08-25,5.2465,diaria,R$/US$
usdbrl,2021-08-26,5.2429,diaria,R$/US$
usdbrl,2021-08-27,5.22,diaria,R$/US$
usdbrl,2021-08-30,5.1952,diaria,R$/US$
usdbrl,2021-08-31,5.1433,diaria,R$/US$
usdbrl,2021-09-01,5.1576,diaria,R$/US$
usdbrl,2021-09-02,5.1735,diaria,R$/US$
usdbrl,2021-09-03,5.1685,diaria,R$/US$
usdbrl,2021-09-06,5.1773,diaria,R$/US$
usdbrl,2021-09-08,5.2524,diaria,R$/US$
usdbrl,2021-09-09,5.2825,diaria,R$/US$
usdbrl,2021-09-10,5.2158,diaria,R$/US$
usdbrl,2021-09-13,5.219,diaria,R$/US$
usdbrl,2021-09-14,5.226,diaria,R$/US$
usdbrl,2021-09-15,5.2576,diaria,R$/US$
usdbrl,2021-09-16,5.2594,diaria,R$/US$
usdbrl,2021-09-17,5.3103,diaria,R$/US$
usdbrl,2021-09-20,5.3332,diaria,R$/US$
usdbrl,2021-09-21,5.3044,diaria,R$/US$
usdbrl,2021-09-22,5.2783,diaria,R$/US$
usdbrl,2021-09-23,5.2891,diaria,R$/US$
usdbrl,2021-09-24,5.3435,diaria,R$/US$
usdbrl,2021-09-27,5.3478,diaria,R$/US$
usdbrl,2021-09-28,5.4206,diaria,R$/US$
usdbrl,2021-09-29,5.4173,diaria,R$/US$
usdbrl,2021-09-30,5.4394,diaria,R$/US$
usdbrl,2021-10-01,5.3911,diaria,R$/US$
usdbrl,2021-10-04,5.4204,diaria,R$/US$
usdbrl,2021-10-05,5.4611,diaria,R$/US$
usdbrl,2021-10-06,5.5097,diaria,R$/US$
usdbrl,2021-10-07,5.514,diaria,R$/US$
usdbrl,2021-10-08,5.5084,diaria,R$/US$
usdbrl,2021-10-11,5.5161,diaria,R$/US$
usdbrl,2021-10-13,5.5471,diaria,R$/US$
usdbrl,2021-10-14,5.4988,diaria,R$/US$
usdbrl,2021-10-15,5.451,diaria,R$/US$
usdbrl,2021-10-18,5.5193,diaria,R$/US$
usdbrl,2021-10-19,5.5521,diaria,R$/US$
usdbrl,2021-10-20,5.5571,diaria,R$/US$
usdbrl,2021-10-21,5.6423,diaria,R$/US$
usdbrl,2021-10-22,5.7117,diaria,R$/US$
usdbrl,2021-10-25,5.5973,diaria,R$/US$
usdbrl,2021-10-26,5.58,diaria,R$/US$
usdbrl,2021-10-27,5.5667,diaria,R$/US$
usdbrl,2021-10-28,5.6124,diaria,R$/US$
usdbrl,2021-10-29,5.643,diaria,R$/US$
usdbrl,2021-11-01,5.6694,diaria,R$/US$
usdbrl,2021-11-03,5.6672,diaria,R$/US$
usdbrl,2021-11-04,5.5942,diaria,R$/US$
usdbrl,2021-11-05,5.5455,diaria,R$/US$
usdbrl,2021-11-08,5.5627,diaria,R$/US$
usdbrl,2021-11-09,5.4957,diaria,R$/US$
usdbrl,2021-11-10,5.459,diaria,R$/US$
usdbrl,2021-11-11,5.4171,diaria,R$/US$
usdbrl,2021-11-12,5.4199,diaria,R$/US$
usdbrl,2021-11-16,5.4772,diaria,R$/US$
usdbrl,2021-11-17,5.4993,diaria,R$/US$
usdbrl,2021-11-18,5.547,diaria,R$/US$
usdbrl,2021-11-19,5.5584,diaria,R$/US$
usdbrl,2021-11-22,5.5841,diaria,R$/US$
usdbrl,2021-11-23,5.6456,diaria,R$/US$
usdbrl,2021-11-24,5.6027,diaria,R$/US$
usdbrl,2021-11-25,5.574,diaria,R$/US$
usdbrl,2021-11-26,5.5865,diaria,R$/US$
usdbrl,2021-11-29,5.6118,diaria,R$/US$
usdbrl,2021-11-30,5.6199,diaria,R$/US$
usdbrl,2021-12-01,5.6168,diaria,R$/US$
usdbrl,2021-12-02,5.6345,diaria,R$/US$
usdbrl,2021-12-03,5.6432,diaria,R$/US$
usdbrl,2021-12-06,5.6877,diaria,R$/US$
usdbrl,2021-12-07,5.6411,diaria,R$/US$
usdbrl,2021-12-08,5.5779,diaria,R$/US$
usdbrl,2021-12-09,5.5564,diaria,R$/US$
usdbrl,2021-12-10,5.5931,diaria,R$/US$
usdbrl,2021-12-13,5.6357,diaria,R$/US$
usdbrl,2021-12-14,5.6461,diaria,R$/US$
usdbrl,2021-12-15,5.7127,diaria,R$/US$
usdbrl,2021-12-16,5.6963,diaria,R$/US$
usdbrl,2021-12-17,5.6959,diaria,R$/US$
usdbrl,2021-12-20,5.7055,diaria,R$/US$
usdbrl,2021-12-21,5.7372,diaria,R$/US$
usdbrl,2021-12-22,5.7201,diaria,R$/US$
usdbrl,2021-12-23,5.691,diaria,R$/US$
usdbrl,2021-12-24,5.6591,diaria,R$/US$
usdbrl,2021-12-27,5.665,diaria,R$/US$
usdbrl,2021-12-28,5.6438,diaria,R$/US$
usdbrl,2021-12-29,5.6619,diaria,R$/US$
usdbrl,2021-12-30,5.5805,diaria,R$/US$
usdbrl,2021-12-31,5.5805,diaria,R$/US$
usdbrl,2022-01-03,5.6309,diaria,R$/US$
usdbrl,2022-01-04,5.6776,diaria,R$/US$
usdbrl,2022-01-05,5.6628,diaria,R$/US$
usdbrl,2022-01-06,5.7042,diaria,R$/US$
usdbrl,2022-01-07,5.6753,diaria,R$/US$
usdbrl,2022-01-10,5.6736,diaria,R$/US$
usdbrl,2022-01-11,5.6351,diaria,R$/US$
usdbrl,2022-01-12,5.5611,diaria,R$/US$
usdbrl,2022-01-13,5.5246,diaria,R$/US$
usdbrl,2022-01-14,5.5349,diaria,R$/US$
usdbrl,2022-01-17,5.5058,diaria,R$/US$
usdbrl,2022-01-18,5.5213,diaria,R$/US$
usdbrl,2022-01-19,5.4978,diaria,R$/US$
usdbrl,2022-01-20,5.4166,diaria,R$/US$
usdbrl,2022-01-21,5.4401,diaria,R$/US$
usdbrl,2022-01-24,5.491,diaria,R$/US$
usdbrl,2022-01-25,5.4971,diaria,R$/US$
usdbrl,2022-01-26,5.4324,diaria,R$/US$
usdbrl,2022-01-27,5.3812,diaria,R$/US$
usdbrl,2022-01-28,5.3954,diaria,R$/US$
usdbrl,2022-01-31,5.3574,diaria,R$/US$
usdbrl,2022-02-01,5.281,diaria,R$/US$
usdbrl,2022-02-02,5.2956,diaria,R$/US$
usdbrl,2022-02-03,5.3025,diaria,R$/US$
usdbrl,2022-02-04,5.3284,diaria,R$/US$
usdbrl,2022-02-07,5.2913,diaria,R$/US$
usdbrl,2022-02-08,5.2699,diaria,R$/US$
usdbrl,2022-02-09,5.2735,diaria,R$/US$
usdbrl,2022-02-10,5.2101,diaria,R$/US$
usdbrl,2022-02-11,5.1987,diaria,R$/US$
usdbrl,2022-02-14,5.2106,diaria,R$/US$
usdbrl,2022-02-15,5.1881,diaria,R$/US$
usdbrl,2022-02-16,5.163,diaria,R$/US$
usdbrl,2022-02-17,5.1565,diaria,R$/US$
usdbrl,2022-02-18,5.1339,diaria,R$/US$
usdbrl,2022-02-21,5.0997,diaria,R$/US$
usdbrl,2022-02-22,5.0611,diaria,R$/US$
usdbrl,2022-02-23,5.0143,diaria,R$/US$
usdbrl,2022-02-24,5.1174,diaria,R$/US$
usdbrl,2022-02-25,5.1394,diaria,R$/US$
usdbrl,2022-03-02,5.1347,diaria,R$/US$
usdbrl,2022-03-03,5.0479,diaria,R$/US$
usdbrl,2022-03-04,5.0758,diaria,R$/US$
usdbrl,2022-03-07,5.0579,diaria,R$/US$
usdbrl,2022-03-08,5.0903,diaria,R$/US$
usdbrl,2022-03-09,5.0094,diaria,R$/US$
usdbrl,2022-03-10,5.0513,diaria,R$/US$
usdbrl,2022-03-11,5.0255,diaria,R$/US$
usdbrl,2022-03-14,5.0647,diaria,R$/US$
usdbrl,2022-03-15,5.1314,diaria,R$/US$
usdbrl,2022-03-16,5.1287,diaria,R$/US$
usdbrl,2022-03-17,5.0764,diaria,R$/US$
usdbrl,2022-03-18,5.0411,diaria,R$/US$
usdbrl,2022-03-21,4.9666,diaria,R$/US$
usdbrl,2022-03-22,4.9208,diaria,R$/US$
usdbrl,2022-03-23,4.8704,diaria,R$/US$
usdbrl,2022-03-24,4.8067,diaria,R$/US$
usdbrl,2022-03-25,4.7782,diaria,R$/US$
usdbrl,2022-03-28,4.7905,diaria,R$/US$
usdbrl,2022-03-29,4.7486,diaria,R$/US$
usdbrl,2022-03-30,4.7497,diaria,R$/US$
usdbrl,2022-03-31,4.7378,diaria,R$/US$
usdbrl,2022-04-01,4.6984,diaria,R$/US$
usdbrl,2022-04-04,4.6175,diaria,R$/US$
usdbrl,2022-04-05,4.64,diaria,R$/US$
usdbrl,2022-04-06,4.6967,diaria,R$/US$
usdbrl,2022-04-07,4.7422,diaria,R$/US$
usdbrl,2022-04-08,4.7513,diaria,R$/US$
usdbrl,2022-04-11,4.7025,diaria,R$/US$
usdbrl,2022-04-12,4.6483,diaria,R$/US$
usdbrl,2022-04-13,4.6811,diaria,R$/US$
usdbrl,2022-04-14,4.7158,diaria,R$/US$
usdbrl,2022-04-18,4.6746,diaria,R$/US$
usdbrl,2022-04-19,4.6664,diaria,R$/US$
usdbrl,2022-04-20,4.6397,diaria,R$/US$
usdbrl,2022-04-22,4.7326,diaria,R$/US$
usdbrl,2022-04-25,4.8818,diaria,R$/US$
usdbrl,2022-04-26,4.9666,diaria,R$/US$
usdbrl,2022-04-27,5.0167,diaria,R$/US$
usdbrl,2022-04-28,5.011,diaria,R$/US$
usdbrl,2022-04-29,4.9191,diaria,R$/US$
usdbrl,2022-05-02,5.0266,diaria,R$/US$
usdbrl,2022-05-03,5.0167,diaria,R$/US$
usdbrl,2022-05-04,5.0093,diaria,R$/US$
usdbrl,2022-05-05,5.0051,diaria,R$/US$
usdbrl,2022-05-06,5.075,diaria,R$/US$
usdbrl,2022-05-09,5.134,diaria,R$/US$
usdbrl,2022-05-10,5.139,diaria,R$/US$
usdbrl,2022-05-11,5.1244,diaria,R$/US$
usdbrl,2022-05-12,5.1482,diaria,R$/US$
usdbrl,2022-05-13,5.1075,diaria,R$/US$
usdbrl,2022-05-16,5.0666,diaria,R$/US$
usdbrl,2022-05-17,4.9676,diaria,R$/US$
usdbrl,2022-05-18,4.9592,diaria,R$/US$
usdbrl,2022-05-19,4.9198,diaria,R$/US$
usdbrl,2022-05-20,4.8777,diaria,R$/US$
usdbrl,2022-05-23,4.7973,diaria,R$/US$
usdbrl,2022-05-24,4.8106,diaria,R$/US$
usdbrl,2022-05-25,4.8359,diaria,R$/US$
usdbrl,2022-05-26,4.7967,diaria,R$/US$
usdbrl,2022-05-27,4.7434,diaria,R$/US$
usdbrl,2022-05-30,4.7216,diaria,R$/US$
usdbrl,2022-05-31,4.7289,diaria,R$/US$
usdbrl,2022-06-01,4.7765,diaria,R$/US$
usdbrl,2022-06-02,4.7879,diaria,R$/US$
usdbrl,2022-06-03,4.7956,diaria,R$/US$
usdbrl,2022-06-06,4.7839,diaria,R$/US$
usdbrl,2022-06-07,4.8909,diaria,R$/US$
usdbrl,2022-06-08,4.8711,diaria,R$/US$
usdbrl,2022-06-09,4.8951,diaria,R$/US$
usdbrl,2022-06-10,4.9836,diaria,R$/US$
usdbrl,2022-06-13,5.1033,diaria,R$/US$
usdbrl,2022-06-14,5.1203,diaria,R$/US$
usdbrl,2022-06-15,5.1119,diaria,R$/US$
usdbrl,2022-06-17,5.1313,diaria,R$/US$
usdbrl,2022-06-20,5.1641,diaria,R$/US$
usdbrl,2022-06-21,5.1462,diaria,R$/US$
usdbrl,2022-06-22,5.1509,diaria,R$/US$
usdbrl,2022-06-23,5.1833,diaria,R$/US$
usdbrl,2022-06-24,5.2334,diaria,R$/US$
usdbrl,2022-06-27,5.2214,diaria,R$/US$
usdbrl,2022-06-28,5.2179,diaria,R$/US$
usdbrl,2022-06-29,5.2268,diaria,R$/US$
usdbrl,2022-06-30,5.238,diaria,R$/US$
usdbrl,2022-07-01,5.3142,diaria,R$/US$
usdbrl,2022-07-04,5.3038,diaria,R$/US$
usdbrl,2022-07-05,5.3899,diaria,R$/US$
usdbrl,2022-07-06,5.4321,diaria,R$/US$
usdbrl,2022-07-07,5.364,diaria,R$/US$
usdbrl,2022-07-08,5.3086,diaria,R$/US$
usdbrl,2022-07-11,5.3477,diaria,R$/US$
usdbrl,2022-07-12,5.412,diaria,R$/US$
usdbrl,2022-07-13,5.3992,diaria,R$/US$
usdbrl,2022-07-14,5.4568,diaria,R$/US$
usdbrl,2022-07-15,5.4014,diaria,R$/US$
usdbrl,2022-07-18,5.3675,diaria,R$/US$
usdbrl,2022-07-19,5.3904,diaria,R$/US$
usdbrl,2022-07-20,5.4288,diaria,R$/US$
usdbrl,2022-07-21,5.475,diaria,R$/US$
usdbrl,2022-07-22,5.4522,diaria,R$/US$
usdbrl,2022-07-25,5.4144,diaria,R$/US$
usdbrl,2022-07-26,5.3608,diaria,R$/US$
usdbrl,2022-07-27,5.3074,diaria,R$/US$
usdbrl,2022-07-28,5.2149,diaria,R$/US$
usdbrl,2022-07-29,5.1884,diaria,R$/US$
usdbrl,2022-08-01,5.1606,diaria,R$/US$
usdbrl,2022-08-02,5.2329,diaria,R$/US$
usdbrl,2022-08-03,5.2846,diaria,R$/US$
usdbrl,2022-08-04,5.2409,diaria,R$/US$
usdbrl,2022-08-05,5.2165,diaria,R$/US$
usdbrl,2022-08-08,5.1247,diaria,R$/US$
usdbrl,2022-08-09,5.1224,diaria,R$/US$
usdbrl,2022-08-10,5.0497,diaria,R$/US$
usdbrl,2022-08-11,5.1127,diaria,R$/US$
usdbrl,2022-08-12,5.1023,diaria,R$/US$
usdbrl,2022-08-15,5.0925,diaria,R$/US$
usdbrl,2022-08-16,5.134,diaria,R$/US$
usdbrl,2022-08-17,5.1784,diaria,R$/US$
usdbrl,2022-08-18,5.1773,diaria,R$/US$
usdbrl,2022-08-19,5.1961,diaria,R$/US$
usdbrl,2022-08-22,5.1709,diaria,R$/US$
usdbrl,2022-08-23,5.103,diaria,R$/US$
usdbrl,2022-08-24,5.105,diaria,R$/US$
usdbrl,2022-08-25,5.1173,diaria,R$/US$
usdbrl,2022-08-26,5.0903,diaria,R$/US$
usdbrl,2022-08-29,5.0428,diaria,R$/US$
usdbrl,2022-08-30,5.0617,diaria,R$/US$
usdbrl,2022-08-31,5.179,diaria,R$/US$
usdbrl,2022-09-01,5.2007,diaria,R$/US$
usdbrl,2022-09-02,5.1878,diaria,R$/US$
usdbrl,2022-09-05,5.1686,diaria,R$/US$
usdbrl,2022-09-06,5.2228,diaria,R$/US$
usdbrl,2022-09-08,5.2155,diaria,R$/US$
usdbrl,2022-09-09,5.1633,diaria,R$/US$
usdbrl,2022-09-12,5.1183,diaria,R$/US$
usdbrl,2022-09-13,5.1794,diaria,R$/US$
usdbrl,2022-09-14,5.1774,diaria,R$/US$
usdbrl,2022-09-15,5.2211,diaria,R$/US$
usdbrl,2022-09-16,5.2882,diaria,R$/US$
usdbrl,2022-09-19,5.2367,diaria,R$/US$
usdbrl,2022-09-20,5.1705,diaria,R$/US$
usdbrl,2022-09-21,5.1692,diaria,R$/US$
usdbrl,2022-09-22,5.1677,diaria,R$/US$
usdbrl,2022-09-23,5.2257,diaria,R$/US$
usdbrl,2022-09-26,5.3548,diaria,R$/US$
usdbrl,2022-09-27,5.3508,diaria,R$/US$
usdbrl,2022-09-28,5.3594,diaria,R$/US$
usdbrl,2022-09-29,5.3916,diaria,R$/US$
usdbrl,2022-09-30,5.4066,diaria,R$/US$
usdbrl,2022-10-03,5.2002,diaria,R$/US$
usdbrl,2022-10-04,5.1411,diaria,R$/US$
usdbrl,2022-10-05,5.2144,diaria,R$/US$
usdbrl,2022-10-06,5.2009,diaria,R$/US$
usdbrl,2022-10-07,5.2221,diaria,R$/US$
usdbrl,2022-10-10,5.1941,diaria,R$/US$
usdbrl,2022-10-11,5.2068,diaria,R$/US$
usdbrl,2022-10-13,5.3017,diaria,R$/US$
usdbrl,2022-10-14,5.2824,diaria,R$/US$
usdbrl,2022-10-17,5.2713,diaria,R$/US$
usdbrl,2022-10-18,5.2697,diaria,R$/US$
usdbrl,2022-10-19,5.2808,diaria,R$/US$
usdbrl,2022-10-20,5.2176,diaria,R$/US$
usdbrl,2022-10-21,5.1919,diaria,R$/US$
usdbrl,2022-10-24,5.2744,diaria,R$/US$
usdbrl,2022-10-25,5.3091,diaria,R$/US$
usdbrl,2022-10-26,5.3248,diaria,R$/US$
usdbrl,2022-10-27,5.3003,diaria,R$/US$
usdbrl,2022-10-28,5.3454,diaria,R$/US$
usdbrl,2022-10-31,5.257,diaria,R$/US$
usdbrl,2022-11-01,5.15,diaria,R$/US$
usdbrl,2022-11-03,5.1349,diaria,R$/US$
usdbrl,2022-11-04,5.036,diaria,R$/US$
usdbrl,2022-11-07,5.0886,diaria,R$/US$
usdbrl,2022-11-08,5.1744,diaria,R$/US$
usdbrl,2022-11-09,5.1629,diaria,R$/US$
usdbrl,2022-11-10,5.3064,diaria,R$/US$
usdbrl,2022-11-11,5.3051,diaria,R$/US$
usdbrl,2022-11-14,5.3013,diaria,R$/US$
usdbrl,2022-11-16,5.3204,diaria,R$/US$
usdbrl,2022-11-17,5.4655,diaria,R$/US$
usdbrl,2022-11-18,5.3477,diaria,R$/US$
usdbrl,2022-11-21,5.3259,diaria,R$/US$
usdbrl,2022-11-22,5.3339,diaria,R$/US$
usdbrl,2022-11-23,5.393,diaria,R$/US$
usdbrl,2022-11-24,5.3149,diaria,R$/US$
usdbrl,2022-11-25,5.3508,diaria,R$/US$
usdbrl,2022-11-28,5.3796,diaria,R$/US$
usdbrl,2022-11-29,5.3076,diaria,R$/US$
usdbrl,2022-11-30,5.2941,diaria,R$/US$
usdbrl,2022-12-01,5.1948,diaria,R$/US$
usdbrl,2022-12-02,5.1974,diaria,R$/US$
usdbrl,2022-12-05,5.2464,diaria,R$/US$
usdbrl,2022-12-06,5.2396,diaria,R$/US$
usdbrl,2022-12-07,5.2208,diaria,R$/US$
usdbrl,2022-12-08,5.2091,diaria,R$/US$
usdbrl,2022-12-09,5.2396,diaria,R$/US$
usdbrl,2022-12-12,5.3066,diaria,R$/US$
usdbrl,2022-12-13,5.2669,diaria,R$/US$
usdbrl,2022-12-14,5.3406,diaria,R$/US$
usdbrl,2022-12-15,5.3183,diaria,R$/US$
usdbrl,2022-12-16,5.2806,diaria,R$/US$
usdbrl,2022-12-19,5.316,diaria,R$/US$
usdbrl,2022-12-20,5.2427,diaria,R$/US$
usdbrl,2022-12-21,5.2031,diaria,R$/US$
usdbrl,2022-12-22,5.1871,diaria,R$/US$
usdbrl,2022-12-23,5.1445,diaria,R$/US$
usdbrl,2022-12-26,5.1872,diaria,R$/US$
usdbrl,2022-12-27,5.2832,diaria,R$/US$
usdbrl,2022-12-28,5.2736,diaria,R$/US$
usdbrl,2022-12-29,5.2177,diaria,R$/US$
usdbrl,2022-12-30,5.2177,diaria,R$/US$
usdbrl,2023-01-02,5.3436,diaria,R$/US$
usdbrl,2023-01-03,5.3759,diaria,R$/US$
usdbrl,2023-01-04,5.4459,diaria,R$/US$
usdbrl,2023-01-05,5.4026,diaria,R$/US$
usdbrl,2023-01-06,5.2855,diaria,R$/US$
usdbrl,2023-01-09,5.2967,diaria,R$/US$
usdbrl,2023-01-10,5.2395,diaria,R$/US$
usdbrl,2023-01-11,5.202,diaria,R$/US$
usdbrl,2023-01-12,5.14,diaria,R$/US$
usdbrl,2023-01-13,5.1146,diaria,R$/US$
usdbrl,2023-01-16,5.1115,diaria,R$/US$
usdbrl,2023-01-17,5.1203,diaria,R$/US$
usdbrl,2023-01-18,5.0909,diaria,R$/US$
usdbrl,2023-01-19,5.2144,diaria,R$/US$
usdbrl,2023-01-20,5.1986,diaria,R$/US$
usdbrl,2023-01-23,5.1922,diaria,R$/US$
usdbrl,2023-01-24,5.1696,diaria,R$/US$
usdbrl,2023-01-25,5.1042,diaria,R$/US$
usdbrl,2023-01-26,5.0951,diaria,R$/US$
usdbrl,2023-01-27,5.0767,diaria,R$/US$
usdbrl,2023-01-30,5.0959,diaria,R$/US$
usdbrl,2023-01-31,5.0993,diaria,R$/US$
usdbrl,2023-02-01,5.0721,diaria,R$/US$
usdbrl,2023-02-02,4.9901,diaria,R$/US$
usdbrl,2023-02-03,5.103,diaria,R$/US$
usdbrl,2023-02-06,5.1763,diaria,R$/US$
usdbrl,2023-02-07,5.1695,diaria,R$/US$
usdbrl,2023-02-08,5.2036,diaria,R$/US$
usdbrl,2023-02-09,5.2315,diaria,R$/US$
usdbrl,2023-02-10,5.2526,diaria,R$/US$
usdbrl,2023-02-13,5.1834,diaria,R$/US$
usdbrl,2023-02-14,5.1507,diaria,R$/US$
usdbrl,2023-02-15,5.2243,diaria,R$/US$
usdbrl,2023-02-16,5.2432,diaria,R$/US$
usdbrl,2023-02-17,5.2012,diaria,R$/US$
usdbrl,2023-02-22,5.173,diaria,R$/US$
usdbrl,2023-02-23,5.133,diaria,R$/US$
usdbrl,2023-02-24,5.1791,diaria,R$/US$
usdbrl,2023-02-27,5.196,diaria,R$/US$
usdbrl,2023-02-28,5.2078,diaria,R$/US$
usdbrl,2023-03-01,5.207,diaria,R$/US$
usdbrl,2023-03-02,5.208,diaria,R$/US$
usdbrl,2023-03-03,5.2037,diaria,R$/US$
usdbrl,2023-03-06,5.197,diaria,R$/US$
usdbrl,2023-03-07,5.1901,diaria,R$/US$
usdbrl,2023-03-08,5.1387,diaria,R$/US$
usdbrl,2023-03-09,5.1353,diaria,R$/US$
usdbrl,2023-03-10,5.1822,diaria,R$/US$
usdbrl,2023-03-13,5.24,diaria,R$/US$
usdbrl,2023-03-14,5.2362,diaria,R$/US$
usdbrl,2023-03-15,5.2981,diaria,R$/US$
usdbrl,2023-03-16,5.2892,diaria,R$/US$
usdbrl,2023-03-17,5.2679,diaria,R$/US$
usdbrl,2023-03-20,5.2467,diaria,R$/US$
usdbrl,2023-03-21,5.2444,diaria,R$/US$
usdbrl,2023-03-22,5.2648,diaria,R$/US$
usdbrl,2023-03-23,5.2632,diaria,R$/US$
usdbrl,2023-03-24,5.2921,diaria,R$/US$
usdbrl,2023-03-27,5.2306,diaria,R$/US$
usdbrl,2023-03-28,5.1733,diaria,R$/US$
usdbrl,2023-03-29,5.1493,diaria,R$/US$
usdbrl,2023-03-30,5.1254,diaria,R$/US$
usdbrl,2023-03-31,5.0804,diaria,R$/US$
usdbrl,2023-04-03,5.0637,diaria,R$/US$
usdbrl,2023-04-04,5.0762,diaria,R$/US$
usdbrl,2023-04-05,5.0447,diaria,R$/US$
usdbrl,2023-04-06,5.0683,diaria,R$/US$
usdbrl,2023-04-10,5.0834,diaria,R$/US$
usdbrl,2023-04-11,5.0128,diaria,R$/US$
usdbrl,2023-04-12,4.9496,diaria,R$/US$
usdbrl,2023-04-13,4.9097,diaria,R$/US$
usdbrl,2023-04-14,4.9455,diaria,R$/US$
usdbrl,2023-04-17,4.9421,diaria,R$/US$
usdbrl,2023-04-18,4.9678,diaria,R$/US$
usdbrl,2023-04-19,5.0467,diaria,R$/US$
usdbrl,2023-04-20,5.0497,diaria,R$/US$
usdbrl,2023-04-24,5.0595,diaria,R$/US$
usdbrl,2023-04-25,5.0613,diaria,R$/US$
usdbrl,2023-04-26,5.0585,diaria,R$/US$
usdbrl,2023-04-27,5.015,diaria,R$/US$
usdbrl,2023-04-28,5.0007,diaria,R$/US$
usdbrl,2023-05-02,5.0334,diaria,R$/US$
usdbrl,2023-05-03,5.0227,diaria,R$/US$
usdbrl,2023-05-04,5.0106,diaria,R$/US$
usdbrl,2023-05-05,4.9696,diaria,R$/US$
usdbrl,2023-05-08,4.9696,diaria,R$/US$
usdbrl,2023-05-09,5.0007,diaria,R$/US$
usdbrl,2023-05-10,4.9547,diaria,R$/US$
usdbrl,2023-05-11,4.9696,diaria,R$/US$
usdbrl,2023-05-12,4.9234,diaria,R$/US$
usdbrl,2023-05-15,4.9103,diaria,R$/US$
usdbrl,2023-05-16,4.9122,diaria,R$/US$
usdbrl,2023-05-17,4.9513,diaria,R$/US$
usdbrl,2023-05-18,4.9647,diaria,R$/US$
usdbrl,2023-05-19,4.9858,diaria,R$/US$
usdbrl,2023-05-22,4.968,diaria,R$/US$
usdbrl,2023-05-23,4.9674,diaria,R$/US$
usdbrl,2023-05-24,4.9474,diaria,R$/US$
usdbrl,2023-05-25,4.999,diaria,R$/US$
usdbrl,2023-05-26,5.0114,diaria,R$/US$
usdbrl,2023-05-29,4.9954,diaria,R$/US$
usdbrl,2023-05-30,5.0593,diaria,R$/US$
usdbrl,2023-05-31,5.0959,diaria,R$/US$
usdbrl,2023-06-01,5.035,diaria,R$/US$
usdbrl,2023-06-02,4.9558,diaria,R$/US$
usdbrl,2023-06-05,4.9236,diaria,R$/US$
usdbrl,2023-06-06,4.9292,diaria,R$/US$
usdbrl,2023-06-07,4.9119,diaria,R$/US$
usdbrl,2023-06-09,4.8922,diaria,R$/US$
usdbrl,2023-06-12,4.8832,diaria,R$/US$
usdbrl,2023-06-13,4.8533,diaria,R$/US$
usdbrl,2023-06-14,4.8462,diaria,R$/US$
usdbrl,2023-06-15,4.8222,diaria,R$/US$
usdbrl,2023-06-16,4.8286,diaria,R$/US$
usdbrl,2023-06-19,4.7803,diaria,R$/US$
usdbrl,2023-06-20,4.793,diaria,R$/US$
usdbrl,2023-06-21,4.7795,diaria,R$/US$
usdbrl,2023-06-22,4.775,diaria,R$/US$
usdbrl,2023-06-23,4.7799,diaria,R$/US$
usdbrl,2023-06-26,4.7698,diaria,R$/US$
usdbrl,2023-06-27,4.7903,diaria,R$/US$
usdbrl,2023-06-28,4.8563,diaria,R$/US$
usdbrl,2023-06-29,4.8584,diaria,R$/US$
usdbrl,2023-06-30,4.8192,diaria,R$/US$
usdbrl,2023-07-03,4.7876,diaria,R$/US$
usdbrl,2023-07-04,4.8056,diaria,R$/US$
usdbrl,2023-07-05,4.8577,diaria,R$/US$
usdbrl,2023-07-06,4.8977,diaria,R$/US$
usdbrl,2023-07-07,4.8799,diaria,R$/US$
usdbrl,2023-07-10,4.8735,diaria,R$/US$
usdbrl,2023-07-11,4.8949,diaria,R$/US$
usdbrl,2023-07-12,4.8058,diaria,R$/US$
usdbrl,2023-07-13,4.8038,diaria,R$/US$
usdbrl,2023-07-14,4.7957,diaria,R$/US$
usdbrl,2023-07-17,4.8302,diaria,R$/US$
usdbrl,2023-07-18,4.804,diaria,R$/US$
usdbrl,2023-07-19,4.8,diaria,R$/US$
usdbrl,2023-07-20,4.7888,diaria,R$/US$
usdbrl,2023-07-21,4.7732,diaria,R$/US$
usdbrl,2023-07-24,4.7457,diaria,R$/US$
usdbrl,2023-07-25,4.7496,diaria,R$/US$
usdbrl,2023-07-26,4.7368,diaria,R$/US$
usdbrl,2023-07-27,4.7202,diaria,R$/US$
usdbrl,2023-07-28,4.7253,diaria,R$/US$
usdbrl,2023-07-31,4.7415,diaria,R$/US$
usdbrl,2023-08-01,4.7752,diaria,R$/US$
usdbrl,2023-08-02,4.8083,diaria,R$/US$
usdbrl,2023-08-03,4.8797,diaria,R$/US$
usdbrl,2023-08-04,4.8609,diaria,R$/US$
usdbrl,2023-08-07,4.901,diaria,R$/US$
usdbrl,2023-08-08,4.9217,diaria,R$/US$
usdbrl,2023-08-09,4.9015,diaria,R$/US$
usdbrl,2023-08-10,4.8518,diaria,R$/US$
usdbrl,2023-08-11,4.8918,diaria,R$/US$
usdbrl,2023-08-14,4.9481,diaria,R$/US$
usdbrl,2023-08-15,4.9812,diaria,R$/US$
usdbrl,2023-08-16,4.9772,diaria,R$/US$
usdbrl,2023-08-17,4.9816,diaria,R$/US$
usdbrl,2023-08-18,4.9724,diaria,R$/US$
usdbrl,2023-08-21,4.9847,diaria,R$/US$
usdbrl,2023-08-22,4.9431,diaria,R$/US$
usdbrl,2023-08-23,4.8977,diaria,R$/US$
usdbrl,2023-08-24,4.8748,diaria,R$/US$
usdbrl,2023-08-25,4.8772,diaria,R$/US$
usdbrl,2023-08-28,4.8938,diaria,R$/US$
usdbrl,2023-08-29,4.8706,diaria,R$/US$
usdbrl,2023-08-30,4.8653,diaria,R$/US$
usdbrl,2023-08-31,4.9219,diaria,R$/US$
usdbrl,2023-09-01,4.9318,diaria,R$/US$
usdbrl,2023-09-04,4.9176,diaria,R$/US$
usdbrl,2023-09-05,4.9705,diaria,R$/US$
usdbrl,2023-09-06,4.9762,diaria,R$/US$
usdbrl,2023-09-08,4.9835,diaria,R$/US$
usdbrl,2023-09-11,4.9366,diaria,R$/US$
usdbrl,2023-09-12,4.9505,diaria,R$/US$
usdbrl,2023-09-13,4.9171,diaria,R$/US$
usdbrl,2023-09-14,4.8751,diaria,R$/US$
usdbrl,2023-09-15,4.8689,diaria,R$/US$
usdbrl,2023-09-18,4.8535,diaria,R$/US$
usdbrl,2023-09-19,4.8575,diaria,R$/US$
usdbrl,2023-09-20,4.8487,diaria,R$/US$
usdbrl,2023-09-21,4.9229,diaria,R$/US$
usdbrl,2023-09-22,4.9131,diaria,R$/US$
usdbrl,2023-09-25,4.9606,diaria,R$/US$
usdbrl,2023-09-26,4.9717,diaria,R$/US$
usdbrl,2023-09-27,5.0289,diaria,R$/US$
usdbrl,2023-09-28,5.0475,diaria,R$/US$
usdbrl,2023-09-29,5.0076,diaria,R$/US$
usdbrl,2023-10-02,5.0679,diaria,R$/US$
usdbrl,2023-10-03,5.11,diaria,R$/US$
usdbrl,2023-10-04,5.1526,diaria,R$/US$
usdbrl,2023-10-05,5.1713,diaria,R$/US$
usdbrl,2023-10-06,5.1918,diaria,R$/US$
usdbrl,2023-10-09,5.1666,diaria,R$/US$
usdbrl,2023-10-10,5.0862,diaria,R$/US$
usdbrl,2023-10-11,5.0496,diaria,R$/US$
usdbrl,2023-10-13,5.0625,diaria,R$/US$
usdbrl,2023-10-16,5.0618,diaria,R$/US$
usdbrl,2023-10-17,5.0384,diaria,R$/US$
usdbrl,2023-10-18,5.0568,diaria,R$/US$
usdbrl,2023-10-19,5.054,diaria,R$/US$
usdbrl,2023-10-20,5.0528,diaria,R$/US$
usdbrl,2023-10-23,5.0164,diaria,R$/US$
usdbrl,2023-10-24,5.0065,diaria,R$/US$
usdbrl,2023-10-25,4.9981,diaria,R$/US$
usdbrl,2023-10-26,5.0055,diaria,R$/US$
usdbrl,2023-10-27,4.948,diaria,R$/US$
usdbrl,2023-10-30,5.0074,diaria,R$/US$
usdbrl,2023-10-31,5.0575,diaria,R$/US$
usdbrl,2023-11-01,5.0194,diaria,R$/US$
usdbrl,2023-11-03,4.891,diaria,R$/US$
usdbrl,2023-11-06,4.8999,diaria,R$/US$
usdbrl,2023-11-07,4.867,diaria,R$/US$
usdbrl,2023-11-08,4.8855,diaria,R$/US$
usdbrl,2023-11-09,4.9007,diaria,R$/US$
usdbrl,2023-11-10,4.9219,diaria,R$/US$
usdbrl,2023-11-13,4.9247,diaria,R$/US$
usdbrl,2023-11-14,4.8682,diaria,R$/US$
usdbrl,2023-11-16,4.8575,diaria,R$/US$
usdbrl,2023-11-17,4.8849,diaria,R$/US$
usdbrl,2023-11-20,4.8723,diaria,R$/US$
usdbrl,2023-11-21,4.8806,diaria,R$/US$
usdbrl,2023-11-22,4.8968,diaria,R$/US$
usdbrl,2023-11-23,4.8931,diaria,R$/US$
usdbrl,2023-11-24,4.8927,diaria,R$/US$
usdbrl,2023-11-27,4.8951,diaria,R$/US$
usdbrl,2023-11-28,4.8867,diaria,R$/US$
usdbrl,2023-11-29,4.8933,diaria,R$/US$
usdbrl,2023-11-30,4.9355,diaria,R$/US$
usdbrl,2023-12-01,4.9191,diaria,R$/US$
usdbrl,2023-12-04,4.9091,diaria,R$/US$
usdbrl,2023-12-05,4.9522,diaria,R$/US$
usdbrl,2023-12-06,4.9031,diaria,R$/US$
usdbrl,2023-12-07,4.8949,diaria,R$/US$
usdbrl,2023-12-08,4.9158,diaria,R$/US$
usdbrl,2023-12-11,4.944,diaria,R$/US$
usdbrl,2023-12-12,4.9476,diaria,R$/US$
usdbrl,2023-12-13,4.958,diaria,R$/US$
usdbrl,2023-12-14,4.8912,diaria,R$/US$
usdbrl,2023-12-15,4.9397,diaria,R$/US$
usdbrl,2023-12-18,4.9399,diaria,R$/US$
usdbrl,2023-12-19,4.8663,diaria,R$/US$
usdbrl,2023-12-20,4.8766,diaria,R$/US$
usdbrl,2023-12-21,4.8755,diaria,R$/US$
usdbrl,2023-12-22,4.8619,diaria,R$/US$
usdbrl,2023-12-26,4.8368,diaria,R$/US$
usdbrl,2023-12-27,4.8306,diaria,R$/US$
usdbrl,2023-12-28,4.8413,diaria,R$/US$
usdbrl,2023-12-29,4.8413,diaria,R$/US$
usdbrl,2024-01-02,4.8916,diaria,R$/US$
usdbrl,2024-01-03,4.9212,diaria,R$/US$
usdbrl,2024-01-04,4.9188,diaria,R$/US$
usdbrl,2024-01-05,4.8899,diaria,R$/US$
usdbrl,2024-01-08,4.885,diaria,R$/US$
usdbrl,2024-01-09,4.8937,diaria,R$/US$
usdbrl,2024-01-10,4.8901,diaria,R$/US$
usdbrl,2024-01-11,4.8794,diaria,R$/US$
usdbrl,2024-01-12,4.8543,diaria,R$/US$
usdbrl,2024-01-15,4.8765,diaria,R$/US$
usdbrl,2024-01-16,4.9038,diaria,R$/US$
usdbrl,2024-01-17,4.9346,diaria,R$/US$
usdbrl,2024-01-18,4.9403,diaria,R$/US$
usdbrl,2024-01-19,4.9223,diaria,R$/US$
usdbrl,2024-01-22,4.949,diaria,R$/US$
usdbrl,2024-01-23,4.9715,diaria,R$/US$
usdbrl,2024-01-24,4.9192,diaria,R$/US$
usdbrl,2024-01-25,4.9232,diaria,R$/US$
usdbrl,2024-01-26,4.9125,diaria,R$/US$
usdbrl,2024-01-29,4.9225,diaria,R$/US$
usdbrl,2024-01-30,4.9638,diaria,R$/US$
usdbrl,2024-01-31,4.9535,diaria,R$/US$
usdbrl,2024-02-01,4.935,diaria,R$/US$
usdbrl,2024-02-02,4.9471,diaria,R$/US$
usdbrl,2024-02-05,5.0053,diaria,R$/US$
usdbrl,2024-02-06,4.9687,diaria,R$/US$
usdbrl,2024-02-07,4.9608,diaria,R$/US$
usdbrl,2024-02-08,4.9804,diaria,R$/US$
usdbrl,2024-02-09,4.9717,diaria,R$/US$
usdbrl,2024-02-14,4.9723,diaria,R$/US$
usdbrl,2024-02-15,4.971,diaria,R$/US$
usdbrl,2024-02-16,4.9761,diaria,R$/US$
usdbrl,2024-02-19,4.9585,diaria,R$/US$
usdbrl,2024-02-20,4.9408,diaria,R$/US$
usdbrl,2024-02-21,4.9303,diaria,R$/US$
usdbrl,2024-02-22,4.9419,diaria,R$/US$
usdbrl,2024-02-23,4.9851,diaria,R$/US$
usdbrl,2024-02-26,4.9819,diaria,R$/US$
usdbrl,2024-02-27,4.9575,diaria,R$/US$
usdbrl,2024-02-28,4.9557,diaria,R$/US$
usdbrl,2024-02-29,4.9833,diaria,R$/US$
usdbrl,2024-03-01,4.9596,diaria,R$/US$
usdbrl,2024-03-04,4.9475,diaria,R$/US$
usdbrl,2024-03-05,4.9488,diaria,R$/US$
usdbrl,2024-03-06,4.9398,diaria,R$/US$
usdbrl,2024-03-07,4.9364,diaria,R$/US$
usdbrl,2024-03-08,4.9751,diaria,R$/US$
usdbrl,2024-03-11,4.9777,diaria,R$/US$
usdbrl,2024-03-12,4.9813,diaria,R$/US$
usdbrl,2024-03-13,4.9803,diaria,R$/US$
usdbrl,2024-03-14,4.9768,diaria,R$/US$
usdbrl,2024-03-15,4.9937,diaria,R$/US$
usdbrl,2024-03-18,5.0124,diaria,R$/US$
usdbrl,2024-03-19,5.0352,diaria,R$/US$
usdbrl,2024-03-20,5.012,diaria,R$/US$
usdbrl,2024-03-21,4.9807,diaria,R$/US$
usdbrl,2024-03-22,4.9897,diaria,R$/US$
usdbrl,2024-03-25,4.9869,diaria,R$/US$
usdbrl,2024-03-26,4.987,diaria,R$/US$
usdbrl,2024-03-27,4.9856,diaria,R$/US$
usdbrl,2024-03-28,4.9962,diaria,R$/US$
usdbrl,2024-04-01,5.0532,diaria,R$/US$
usdbrl,2024-04-02,5.0476,diaria,R$/US$
usdbrl,2024-04-03,5.0724,diaria,R$/US$
usdbrl,2024-04-04,5.0237,diaria,R$/US$
usdbrl,2024-04-05,5.052,diaria,R$/US$
usdbrl,2024-04-08,5.0421,diaria,R$/US$
usdbrl,2024-04-09,5.008,diaria,R$/US$
usdbrl,2024-04-10,5.0654,diaria,R$/US$
usdbrl,2024-04-11,5.0765,diaria,R$/US$
usdbrl,2024-04-12,5.1364,diaria,R$/US$
usdbrl,2024-04-15,5.1746,diaria,R$/US$
usdbrl,2024-04-16,5.2635,diaria,R$/US$
usdbrl,2024-04-17,5.2469,diaria,R$/US$
usdbrl,2024-04-18,5.2512,diaria,R$/US$
usdbrl,2024-04-19,5.2269,diaria,R$/US$
usdbrl,2024-04-22,5.2043,diaria,R$/US$
usdbrl,2024-04-23,5.1626,diaria,R$/US$
usdbrl,2024-04-24,5.1592,diaria,R$/US$
usdbrl,2024-04-25,5.1679,diaria,R$/US$
usdbrl,2024-04-26,5.1184,diaria,R$/US$
usdbrl,2024-04-29,5.1155,diaria,R$/US$
usdbrl,2024-04-30,5.1718,diaria,R$/US$
usdbrl,2024-05-02,5.1184,diaria,R$/US$
usdbrl,2024-05-03,5.0668,diaria,R$/US$
usdbrl,2024-05-06,5.0727,diaria,R$/US$
usdbrl,2024-05-07,5.061,diaria,R$/US$
usdbrl,2024-05-08,5.0887,diaria,R$/US$
usdbrl,2024-05-09,5.1577,diaria,R$/US$
usdbrl,2024-05-10,5.1464,diaria,R$/US$
usdbrl,2024-05-13,5.1412,diaria,R$/US$
usdbrl,2024-05-14,5.1356,diaria,R$/US$
usdbrl,2024-05-15,5.1423,diaria,R$/US$
usdbrl,2024-05-16,5.127,diaria,R$/US$
usdbrl,2024-05-17,5.1157,diaria,R$/US$
usdbrl,2024-05-20,5.1085,diaria,R$/US$
usdbrl,2024-05-21,5.1037,diaria,R$/US$
usdbrl,2024-05-22,5.1502,diaria,R$/US$
usdbrl,2024-05-23,5.1443,diaria,R$/US$
usdbrl,2024-05-24,5.1508,diaria,R$/US$
usdbrl,2024-05-27,5.1704,diaria,R$/US$
usdbrl,2024-05-28,5.1538,diaria,R$/US$
usdbrl,2024-05-29,5.1972,diaria,R$/US$
usdbrl,2024-05-31,5.2416,diaria,R$/US$
usdbrl,2024-06-03,5.2373,diaria,R$/US$
usdbrl,2024-06-04,5.2687,diaria,R$/US$
usdbrl,2024-06-05,5.2841,diaria,R$/US$
usdbrl,2024-06-06,5.2681,diaria,R$/US$
usdbrl,2024-06-07,5.2802,diaria,R$/US$
usdbrl,2024-06-10,5.3666,diaria,R$/US$
usdbrl,2024-06-11,5.3524,diaria,R$/US$
usdbrl,2024-06-12,5.3891,diaria,R$/US$
usdbrl,2024-06-13,5.3974,diaria,R$/US$
usdbrl,2024-06-14,5.363,diaria,R$/US$
usdbrl,2024-06-17,5.413,diaria,R$/US$
usdbrl,2024-06-18,5.4074,diaria,R$/US$
usdbrl,2024-06-19,5.4647,diaria,R$/US$
usdbrl,2024-06-20,5.4254,diaria,R$/US$
usdbrl,2024-06-21,5.4416,diaria,R$/US$
usdbrl,2024-06-24,5.4,diaria,R$/US$
usdbrl,2024-06-25,5.429,diaria,R$/US$
usdbrl,2024-06-26,5.5097,diaria,R$/US$
usdbrl,2024-06-27,5.5229,diaria,R$/US$
usdbrl,2024-06-28,5.5589,diaria,R$/US$
usdbrl,2024-07-01,5.5893,diaria,R$/US$
usdbrl,2024-07-02,5.6677,diaria,R$/US$
usdbrl,2024-07-03,5.5863,diaria,R$/US$
usdbrl,2024-07-04,5.4839,diaria,R$/US$
usdbrl,2024-07-05,5.497,diaria,R$/US$
usdbrl,2024-07-08,5.472,diaria,R$/US$
usdbrl,2024-07-09,5.4387,diaria,R$/US$
usdbrl,2024-07-10,5.3967,diaria,R$/US$
usdbrl,2024-07-11,5.41,diaria,R$/US$
usdbrl,2024-07-12,5.4529,diaria,R$/US$
usdbrl,2024-07-15,5.4563,diaria,R$/US$
usdbrl,2024-07-16,5.4274,diaria,R$/US$
usdbrl,2024-07-17,5.467,diaria,R$/US$
usdbrl,2024-07-18,5.5426,diaria,R$/US$
usdbrl,2024-07-19,5.5543,diaria,R$/US$
usdbrl,2024-07-22,5.5598,diaria,R$/US$
usdbrl,2024-07-23,5.5807,diaria,R$/US$
usdbrl,2024-07-24,5.6346,diaria,R$/US$
usdbrl,2024-07-25,5.6402,diaria,R$/US$
usdbrl,2024-07-26,5.6465,diaria,R$/US$
usdbrl,2024-07-29,5.6479,diaria,R$/US$
usdbrl,2024-07-30,5.6532,diaria,R$/US$
usdbrl,2024-07-31,5.6621,diaria,R$/US$
usdbrl,2024-08-01,5.6681,diaria,R$/US$
usdbrl,2024-08-02,5.7366,diaria,R$/US$
usdbrl,2024-08-05,5.7646,diaria,R$/US$
usdbrl,2024-08-06,5.6528,diaria,R$/US$
usdbrl,2024-08-07,5.6093,diaria,R$/US$
usdbrl,2024-08-08,5.6172,diaria,R$/US$
usdbrl,2024-08-09,5.5115,diaria,R$/US$
usdbrl,2024-08-12,5.4911,diaria,R$/US$
usdbrl,2024-08-13,5.4875,diaria,R$/US$
usdbrl,2024-08-14,5.4502,diaria,R$/US$
usdbrl,2024-08-15,5.4651,diaria,R$/US$
usdbrl,2024-08-16,5.4632,diaria,R$/US$
usdbrl,2024-08-19,5.4237,diaria,R$/US$
usdbrl,2024-08-20,5.4547,diaria,R$/US$
usdbrl,2024-08-21,5.4707,diaria,R$/US$
usdbrl,2024-08-22,5.5524,diaria,R$/US$
usdbrl,2024-08-23,5.5263,diaria,R$/US$
usdbrl,2024-08-26,5.4921,diaria,R$/US$
usdbrl,2024-08-27,5.4969,diaria,R$/US$
usdbrl,2024-08-28,5.5315,diaria,R$/US$
usdbrl,2024-08-29,5.6358,diaria,R$/US$
usdbrl,2024-08-30,5.6562,diaria,R$/US$
usdbrl,2024-09-02,5.623,diaria,R$/US$
usdbrl,2024-09-03,5.6224,diaria,R$/US$
usdbrl,2024-09-04,5.6359,diaria,R$/US$
usdbrl,2024-09-05,5.6049,diaria,R$/US$
usdbrl,2024-09-06,5.5702,diaria,R$/US$
usdbrl,2024-09-09,5.6097,diaria,R$/US$
usdbrl,2024-09-10,5.6254,diaria,R$/US$
usdbrl,2024-09-11,5.6387,diaria,R$/US$
usdbrl,2024-09-12,5.6554,diaria,R$/US$
usdbrl,2024-09-13,5.5717,diaria,R$/US$
usdbrl,2024-09-16,5.5207,diaria,R$/US$
usdbrl,2024-09-17,5.501,diaria,R$/US$
usdbrl,2024-09-18,5.4767,diaria,R$/US$
usdbrl,2024-09-19,5.4189,diaria,R$/US$
usdbrl,2024-09-20,5.4775,diaria,R$/US$
usdbrl,2024-09-23,5.5446,diaria,R$/US$
usdbrl,2024-09-24,5.4702,diaria,R$/US$
usdbrl,2024-09-25,5.4736,diaria,R$/US$
usdbrl,2024-09-26,5.4412,diaria,R$/US$
usdbrl,2024-09-27,5.4431,diaria,R$/US$
usdbrl,2024-09-30,5.4481,diaria,R$/US$
usdbrl,2024-10-01,5.4521,diaria,R$/US$
usdbrl,2024-10-02,5.4305,diaria,R$/US$
usdbrl,2024-10-03,5.485,diaria,R$/US$
usdbrl,2024-10-04,5.4686,diaria,R$/US$
usdbrl,2024-10-07,5.4626,diaria,R$/US$
usdbrl,2024-10-08,5.5197,diaria,R$/US$
usdbrl,2024-10-09,5.5737,diaria,R$/US$
usdbrl,2024-10-10,5.5819,diaria,R$/US$
usdbrl,2024-10-11,5.6263,diaria,R$/US$
usdbrl,2024-10-14,5.6045,diaria,R$/US$
usdbrl,2024-10-15,5.6378,diaria,R$/US$
usdbrl,2024-10-16,5.6749,diaria,R$/US$
usdbrl,2024-10-17,5.6758,diaria,R$/US$
usdbrl,2024-10-18,5.6672,diaria,R$/US$
usdbrl,2024-10-21,5.7068,diaria,R$/US$
usdbrl,2024-10-22,5.6958,diaria,R$/US$
usdbrl,2024-10-23,5.7149,diaria,R$/US$
usdbrl,2024-10-24,5.7087,diaria,R$/US$
usdbrl,2024-10-25,5.6969,diaria,R$/US$
usdbrl,2024-10-28,5.6988,diaria,R$/US$
usdbrl,2024-10-29,5.714,diaria,R$/US$
usdbrl,2024-10-30,5.7801,diaria,R$/US$
usdbrl,2024-10-31,5.7779,diaria,R$/US$
usdbrl,2024-11-01,5.8073,diaria,R$/US$
usdbrl,2024-11-04,5.7898,diaria,R$/US$
usdbrl,2024-11-05,5.7846,diaria,R$/US$
usdbrl,2024-11-06,5.7648,diaria,R$/US$
usdbrl,2024-11-07,5.6624,diaria,R$/US$
usdbrl,2024-11-08,5.7648,diaria,R$/US$
usdbrl,2024-11-11,5.798,diaria,R$/US$
usdbrl,2024-11-12,5.7694,diaria,R$/US$
usdbrl,2024-11-13,5.7713,diaria,R$/US$
usdbrl,2024-11-14,5.7885,diaria,R$/US$
usdbrl,2024-11-18,5.7603,diaria,R$/US$
usdbrl,2024-11-19,5.7743,diaria,R$/US$
usdbrl,2024-11-21,5.8173,diaria,R$/US$
usdbrl,2024-11-22,5.8124,diaria,R$/US$
usdbrl,2024-11-25,5.8002,diaria,R$/US$
usdbrl,2024-11-26,5.799,diaria,R$/US$
usdbrl,2024-11-27,5.8291,diaria,R$/US$
usdbrl,2024-11-28,5.9871,diaria,R$/US$
usdbrl,2024-11-29,6.0535,diaria,R$/US$
usdbrl,2024-12-02,6.0634,diaria,R$/US$
usdbrl,2024-12-03,6.0707,diaria,R$/US$
usdbrl,2024-12-04,6.0581,diaria,R$/US$
usdbrl,2024-12-05,5.9849,diaria,R$/US$
usdbrl,2024-12-06,6.0293,diaria,R$/US$
usdbrl,2024-12-09,6.057,diaria,R$/US$
usdbrl,2024-12-10,6.0529,diaria,R$/US$
usdbrl,2024-12-11,6.032,diaria,R$/US$
usdbrl,2024-12-12,5.9408,diaria,R$/US$
usdbrl,2024-12-13,6.04,diaria,R$/US$
usdbrl,2024-12-16,6.0509,diaria,R$/US$
usdbrl,2024-12-17,6.1685,diaria,R$/US$
usdbrl,2024-12-18,6.1624,diaria,R$/US$
usdbrl,2024-12-19,6.1841,diaria,R$/US$
usdbrl,2024-12-20,6.078,diaria,R$/US$
usdbrl,2024-12-23,6.1612,diaria,R$/US$
usdbrl,2024-12-24,6.1541,diaria,R$/US$
usdbrl,2024-12-26,6.1656,diaria,R$/US$
usdbrl,2024-12-27,6.1991,diaria,R$/US$
usdbrl,2024-12-30,6.1923,diaria,R$/US$
usdbrl,2024-12-31,6.1923,diaria,R$/US$
usdbrl,2025-01-02,6.2086,diaria,R$/US$
usdbrl,2025-01-03,6.1563,diaria,R$/US$
usdbrl,2025-01-06,6.1119,diaria,R$/US$
usdbrl,2025-01-07,6.0741,diaria,R$/US$
usdbrl,2025-01-08,6.1321,diaria,R$/US$
usdbrl,2025-01-09,6.0896,diaria,R$/US$
usdbrl,2025-01-10,6.0965,diaria,R$/US$
usdbrl,2025-01-13,6.1079,diaria,R$/US$
usdbrl,2025-01-14,6.0671,diaria,R$/US$
usdbrl,2025-01-15,6.0377,diaria,R$/US$
usdbrl,2025-01-16,6.0322,diaria,R$/US$
usdbrl,2025-01-17,6.0609,diaria,R$/US$
usdbrl,2025-01-20,6.0498,diaria,R$/US$
usdbrl,2025-01-21,6.044,diaria,R$/US$
usdbrl,2025-01-22,5.9674,diaria,R$/US$
usdbrl,2025-01-23,5.9399,diaria,R$/US$
usdbrl,2025-01-24,5.8925,diaria,R$/US$
usdbrl,2025-01-27,5.9272,diaria,R$/US$
usdbrl,2025-01-28,5.893,diaria,R$/US$
usdbrl,2025-01-29,5.8596,diaria,R$/US$
usdbrl,2025-01-30,5.9006,diaria,R$/US$
usdbrl,2025-01-31,5.8301,diaria,R$/US$
usdbrl,2025-02-03,5.8687,diaria,R$/US$
usdbrl,2025-02-04,5.7927,diaria,R$/US$
usdbrl,2025-02-05,5.7997,diaria,R$/US$
usdbrl,2025-02-06,5.7856,diaria,R$/US$
usdbrl,2025-02-07,5.7557,diaria,R$/US$
usdbrl,2025-02-10,5.7808,diaria,R$/US$
usdbrl,2025-02-11,5.7788,diaria,R$/US$
usdbrl,2025-02-12,5.7711,diaria,R$/US$
usdbrl,2025-02-13,5.7788,diaria,R$/US$
usdbrl,2025-02-14,5.7283,diaria,R$/US$
usdbrl,2025-02-17,5.7105,diaria,R$/US$
usdbrl,2025-02-18,5.6979,diaria,R$/US$
usdbrl,2025-02-19,5.7087,diaria,R$/US$
usdbrl,2025-02-20,5.7019,diaria,R$/US$
usdbrl,2025-02-21,5.7027,diaria,R$/US$
usdbrl,2025-02-24,5.7258,diaria,R$/US$
usdbrl,2025-02-25,5.7779,diaria,R$/US$
usdbrl,2025-02-26,5.7757,diaria,R$/US$
usdbrl,2025-02-27,5.8228,diaria,R$/US$
usdbrl,2025-02-28,5.8488,diaria,R$/US$
usdbrl,2025-03-05,5.7914,diaria,R$/US$
usdbrl,2025-03-06,5.7489,diaria,R$/US$
usdbrl,2025-03-07,5.7688,diaria,R$/US$
usdbrl,2025-03-10,5.793,diaria,R$/US$
usdbrl,2025-03-11,5.8346,diaria,R$/US$
usdbrl,2025-03-12,5.8268,diaria,R$/US$
usdbrl,2025-03-13,5.8131,diaria,R$/US$
usdbrl,2025-03-14,5.7419,diaria,R$/US$
usdbrl,2025-03-17,5.7082,diaria,R$/US$
usdbrl,2025-03-18,5.6852,diaria,R$/US$
usdbrl,2025-03-19,5.6657,diaria,R$/US$
usdbrl,2025-03-20,5.6628,diaria,R$/US$
usdbrl,2025-03-21,5.7241,diaria,R$/US$
usdbrl,2025-03-24,5.7403,diaria,R$/US$
usdbrl,2025-03-25,5.6992,diaria,R$/US$
usdbrl,2025-03-26,5.7298,diaria,R$/US$
usdbrl,2025-03-27,5.7474,diaria,R$/US$
usdbrl,2025-03-28,5.766,diaria,R$/US$
usdbrl,2025-03-31,5.7422,diaria,R$/US$
usdbrl,2025-04-01,5.7051,diaria,R$/US$
usdbrl,2025-04-02,5.6923,diaria,R$/US$
usdbrl,2025-04-03,5.6067,diaria,R$/US$
usdbrl,2025-04-04,5.7777,diaria,R$/US$
usdbrl,2025-04-07,5.8877,diaria,R$/US$
usdbrl,2025-04-08,5.9368,diaria,R$/US$
usdbrl,2025-04-09,6.0605,diaria,R$/US$
usdbrl,2025-04-10,5.9115,diaria,R$/US$
usdbrl,2025-04-11,5.8737,diaria,R$/US$
usdbrl,2025-04-14,5.8425,diaria,R$/US$
usdbrl,2025-04-15,5.8707,diaria,R$/US$
usdbrl,2025-04-16,5.8808,diaria,R$/US$
usdbrl,2025-04-17,5.8559,diaria,R$/US$
usdbrl,2025-04-22,5.7496,diaria,R$/US$
usdbrl,2025-04-23,5.688,diaria,R$/US$
usdbrl,2025-04-24,5.6738,diaria,R$/US$
usdbrl,2025-04-25,5.6846,diaria,R$/US$
usdbrl,2025-04-28,5.6681,diaria,R$/US$
usdbrl,2025-04-29,5.6467,diaria,R$/US$
usdbrl,2025-04-30,5.6608,diaria,R$/US$
usdbrl,2025-05-02,5.6394,diaria,R$/US$
usdbrl,2025-05-05,5.652,diaria,R$/US$
usdbrl,2025-05-06,5.721,diaria,R$/US$
usdbrl,2025-05-07,5.7375,diaria,R$/US$
usdbrl,2025-05-08,5.686,diaria,R$/US$
usdbrl,2025-05-09,5.6511,diaria,R$/US$
usdbrl,2025-05-12,5.6822,diaria,R$/US$
usdbrl,2025-05-13,5.6262,diaria,R$/US$
usdbrl,2025-05-14,5.61,diaria,R$/US$
usdbrl,2025-05-15,5.6328,diaria,R$/US$
usdbrl,2025-05-16,5.6925,diaria,R$/US$
usdbrl,2025-05-19,5.6591,diaria,R$/US$
usdbrl,2025-05-20,5.662,diaria,R$/US$
usdbrl,2025-05-21,5.6571,diaria,R$/US$
usdbrl,2025-05-22,5.639,diaria,R$/US$
usdbrl,2025-05-23,5.6932,diaria,R$/US$
usdbrl,2025-05-26,5.6619,diaria,R$/US$
usdbrl,2025-05-27,5.6539,diaria,R$/US$
usdbrl,2025-05-28,5.6936,diaria,R$/US$
usdbrl,2025-05-29,5.6559,diaria,R$/US$
usdbrl,2025-05-30,5.7087,diaria,R$/US$
usdbrl,2025-06-02,5.6937,diaria,R$/US$
usdbrl,2025-06-03,5.6694,diaria,R$/US$
usdbrl,2025-06-04,5.6332,diaria,R$/US$
usdbrl,2025-06-05,5.5969,diaria,R$/US$
usdbrl,2025-06-06,5.5947,diaria,R$/US$
usdbrl,2025-06-09,5.576,diaria,R$/US$
usdbrl,2025-06-10,5.5557,diaria,R$/US$
usdbrl,2025-06-11,5.539,diaria,R$/US$
usdbrl,2025-06-12,5.5388,diaria,R$/US$
usdbrl,2025-06-13,5.5652,diaria,R$/US$
usdbrl,2025-06-16,5.5123,diaria,R$/US$
usdbrl,2025-06-17,5.4773,diaria,R$/US$
usdbrl,2025-06-18,5.4879,diaria,R$/US$
usdbrl,2025-06-20,5.4957,diaria,R$/US$
usdbrl,2025-06-23,5.5213,diaria,R$/US$
usdbrl,2025-06-24,5.4938,diaria,R$/US$
usdbrl,2025-06-25,5.5427,diaria,R$/US$
usdbrl,2025-06-26,5.5145,diaria,R$/US$
usdbrl,2025-06-27,5.4759,diaria,R$/US$
usdbrl,2025-06-30,5.4571,diaria,R$/US$
usdbrl,2025-07-01,5.4511,diaria,R$/US$
usdbrl,2025-07-02,5.4512,diaria,R$/US$
usdbrl,2025-07-03,5.4208,diaria,R$/US$
usdbrl,2025-07-04,5.409,diaria,R$/US$
usdbrl,2025-07-07,5.4552,diaria,R$/US$
usdbrl,2025-07-08,5.4571,diaria,R$/US$
usdbrl,2025-07-09,5.4626,diaria,R$/US$
usdbrl,2025-07-10,5.5433,diaria,R$/US$
usdbrl,2025-07-11,5.5722,diaria,R$/US$
usdbrl,2025-07-14,5.5595,diaria,R$/US$
usdbrl,2025-07-15,5.5576,diaria,R$/US$
usdbrl,2025-07-16,5.5722,diaria,R$/US$
usdbrl,2025-07-17,5.5737,diaria,R$/US$
usdbrl,2025-07-18,5.5466,diaria,R$/US$
usdbrl,2025-07-21,5.5625,diaria,R$/US$
usdbrl,2025-07-22,5.5709,diaria,R$/US$
usdbrl,2025-07-23,5.5537,diaria,R$/US$
usdbrl,2025-07-24,5.5239,diaria,R$/US$
usdbrl,2025-07-25,5.5426,diaria,R$/US$
usdbrl,2025-07-28,5.5877,diaria,R$/US$
usdbrl,2025-07-29,5.5764,diaria,R$/US$
usdbrl,2025-07-30,5.6034,diaria,R$/US$
usdbrl,2025-07-31,5.6021,diaria,R$/US$
usdbrl,2025-08-01,5.5436,diaria,R$/US$
usdbrl,2025-08-04,5.5113,diaria,R$/US$
usdbrl,2025-08-05,5.5119,diaria,R$/US$
usdbrl,2025-08-06,5.4802,diaria,R$/US$
usdbrl,2025-08-07,5.4638,diaria,R$/US$
usdbrl,2025-08-08,5.4254,diaria,R$/US$
usdbrl,2025-08-11,5.4473,diaria,R$/US$
usdbrl,2025-08-12,5.4052,diaria,R$/US$
usdbrl,2025-08-13,5.3928,diaria,R$/US$
usdbrl,2025-08-14,5.4095,diaria,R$/US$
usdbrl,2025-08-15,5.3928,diaria,R$/US$
usdbrl,2025-08-18,5.4155,diaria,R$/US$
usdbrl,2025-08-19,5.4716,diaria,R$/US$
usdbrl,2025-08-20,5.4726,diaria,R$/US$
usdbrl,2025-08-21,5.4828,diaria,R$/US$
usdbrl,2025-08-22,5.4392,diaria,R$/US$
usdbrl,2025-08-25,5.4174,diaria,R$/US$
usdbrl,2025-08-26,5.4218,diaria,R$/US$
usdbrl,2025-08-27,5.4428,diaria,R$/US$
usdbrl,2025-08-28,5.4115,diaria,R$/US$
usdbrl,2025-08-29,5.4264,diaria,R$/US$
usdbrl,2025-09-01,5.4378,diaria,R$/US$
usdbrl,2025-09-02,5.468,diaria,R$/US$
usdbrl,2025-09-03,5.4485,diaria,R$/US$
usdbrl,2025-09-04,5.4587,diaria,R$/US$
usdbrl,2025-09-05,5.3968,diaria,R$/US$
usdbrl,2025-09-08,5.4278,diaria,R$/US$
usdbrl,2025-09-09,5.4278,diaria,R$/US$
usdbrl,2025-09-10,5.4123,diaria,R$/US$
usdbrl,2025-09-11,5.3858,diaria,R$/US$
usdbrl,2025-09-12,5.3677,diaria,R$/US$
usdbrl,2025-09-15,5.3208,diaria,R$/US$
usdbrl,2025-09-16,5.3096,diaria,R$/US$
usdbrl,2025-09-17,5.3011,diaria,R$/US$
usdbrl,2025-09-18,5.301,diaria,R$/US$
usdbrl,2025-09-19,5.3276,diaria,R$/US$
usdbrl,2025-09-22,5.3457,diaria,R$/US$
usdbrl,2025-09-23,5.3063,diaria,R$/US$
usdbrl,2025-09-24,5.3112,diaria,R$/US$
usdbrl,2025-09-25,5.3425,diaria,R$/US$
usdbrl,2025-09-26,5.3445,diaria,R$/US$
usdbrl,2025-09-29,5.3229,diaria,R$/US$
usdbrl,2025-09-30,5.3186,diaria,R$/US$
usdbrl,2025-10-01,5.3208,diaria,R$/US$
usdbrl,2025-10-02,5.3449,diaria,R$/US$
usdbrl,2025-10-03,5.3498,diaria,R$/US$
usdbrl,2025-10-06,5.3226,diaria,R$/US$
usdbrl,2025-10-07,5.3363,diaria,R$/US$
usdbrl,2025-10-08,5.3427,diaria,R$/US$
usdbrl,2025-10-09,5.3538,diaria,R$/US$
usdbrl,2025-10-10,5.4446,diaria,R$/US$
usdbrl,2025-10-13,5.4629,diaria,R$/US$
usdbrl,2025-10-14,5.4982,diaria,R$/US$
usdbrl,2025-10-15,5.4464,diaria,R$/US$
usdbrl,2025-10-16,5.4354,diaria,R$/US$
usdbrl,2025-10-17,5.439,diaria,R$/US$
usdbrl,2025-10-20,5.3771,diaria,R$/US$
usdbrl,2025-10-21,5.3848,diaria,R$/US$
usdbrl,2025-10-22,5.3898,diaria,R$/US$
usdbrl,2025-10-23,5.384,diaria,R$/US$
usdbrl,2025-10-24,5.3797,diaria,R$/US$
usdbrl,2025-10-27,5.3744,diaria,R$/US$
usdbrl,2025-10-28,5.369,diaria,R$/US$
usdbrl,2025-10-29,5.3416,diaria,R$/US$
usdbrl,2025-10-30,5.385,diaria,R$/US$
usdbrl,2025-10-31,5.3843,diaria,R$/US$
usdbrl,2025-11-03,5.3505,diaria,R$/US$
usdbrl,2025-11-04,5.3846,diaria,R$/US$
usdbrl,2025-11-05,5.3798,diaria,R$/US$
usdbrl,2025-11-06,5.3451,diaria,R$/US$
usdbrl,2025-11-07,5.3567,diaria,R$/US$
usdbrl,2025-11-10,5.3181,diaria,R$/US$
usdbrl,2025-11-11,5.2729,diaria,R$/US$
usdbrl,2025-11-12,5.2885,diaria,R$/US$
usdbrl,2025-11-13,5.282,diaria,R$/US$
usdbrl,2025-11-14,5.2952,diaria,R$/US$
usdbrl,2025-11-17,5.3108,diaria,R$/US$
usdbrl,2025-11-18,5.3361,diaria,R$/US$
usdbrl,2025-11-19,5.3346,diaria,R$/US$
usdbrl,2025-11-21,5.3902,diaria,R$/US$
usdbrl,2025-11-24,5.3948,diaria,R$/US$
usdbrl,2025-11-25,5.3841,diaria,R$/US$
usdbrl,2025-11-26,5.3694,diaria,R$/US$
usdbrl,2025-11-27,5.349,diaria,R$/US$
usdbrl,2025-11-28,5.3338,diaria,R$/US$
usdbrl,2025-12-01,5.3469,diaria,R$/US$
usdbrl,2025-12-02,5.3465,diaria,R$/US$
usdbrl,2025-12-03,5.3114,diaria,R$/US$
usdbrl,2025-12-04,5.2952,diaria,R$/US$
usdbrl,2025-12-05,5.3405,diaria,R$/US$
usdbrl,2025-12-08,5.4249,diaria,R$/US$
usdbrl,2025-12-09,5.457,diaria,R$/US$
usdbrl,2025-12-10,5.4656,diaria,R$/US$
usdbrl,2025-12-11,5.4237,diaria,R$/US$
usdbrl,2025-12-12,5.4011,diaria,R$/US$
usdbrl,2025-12-15,5.3929,diaria,R$/US$
usdbrl,2025-12-16,5.4505,diaria,R$/US$
usdbrl,2025-12-17,5.5093,diaria,R$/US$
usdbrl,2025-12-18,5.5283,diaria,R$/US$
usdbrl,2025-12-19,5.516,diaria,R$/US$
usdbrl,2025-12-22,5.5389,diaria,R$/US$
usdbrl,2025-12-23,5.5643,diaria,R$/US$
usdbrl,2025-12-24,5.535,diaria,R$/US$
usdbrl,2025-12-26,5.5413,diaria,R$/US$
usdbrl,2025-12-29,5.5739,diaria,R$/US$
usdbrl,2025-12-30,5.5024,diaria,R$/US$
usdbrl,2025-12-31,5.5024,diaria,R$/US$
usdbrl,2026-01-02,5.4372,diaria,R$/US$
usdbrl,2026-01-05,5.4351,diaria,R$/US$
usdbrl,2026-01-06,5.3797,diaria,R$/US$
usdbrl,2026-01-07,5.388,diaria,R$/US$
usdbrl,2026-01-08,5.386,diaria,R$/US$
usdbrl,2026-01-09,5.3707,diaria,R$/US$
usdbrl,2026-01-12,5.376,diaria,R$/US$
usdbrl,2026-01-13,5.3764,diaria,R$/US$
usdbrl,2026-01-14,5.3795,diaria,R$/US$
usdbrl,2026-01-15,5.3846,diaria,R$/US$
usdbrl,2026-01-16,5.3798,diaria,R$/US$
usdbrl,2026-01-19,5.3653,diaria,R$/US$
usdbrl,2026-01-20,5.379,diaria,R$/US$
usdbrl,2026-01-21,5.3368,diaria,R$/US$
usdbrl,2026-01-22,5.3118,diaria,R$/US$
usdbrl,2026-01-23,5.2879,diaria,R$/US$
usdbrl,2026-01-26,5.276,diaria,R$/US$
usdbrl,2026-01-27,5.2392,diaria,R$/US$
usdbrl,2026-01-28,5.1838,diaria,R$/US$
usdbrl,2026-01-29,5.1956,diaria,R$/US$
usdbrl,2026-01-30,5.2301,diaria,R$/US$
usdbrl,2026-02-02,5.2587,diaria,R$/US$
usdbrl,2026-02-03,5.2236,diaria,R$/US$
usdbrl,2026-02-04,5.2359,diaria,R$/US$
usdbrl,2026-02-05,5.258,diaria,R$/US$
usdbrl,2026-02-06,5.2341,diaria,R$/US$
usdbrl,2026-02-09,5.1943,diaria,R$/US$
usdbrl,2026-02-10,5.2021,diaria,R$/US$
usdbrl,2026-02-11,5.1836,diaria,R$/US$
usdbrl,2026-02-12,5.1674,diaria,R$/US$
usdbrl,2026-02-13,5.2288,diaria,R$/US$
usdbrl,2026-02-18,5.2349,diaria,R$/US$
usdbrl,2026-02-19,5.2257,diaria,R$/US$
usdbrl,2026-02-20,5.2006,diaria,R$/US$
usdbrl,2026-02-23,5.1635,diaria,R$/US$
usdbrl,2026-02-24,5.1682,diaria,R$/US$
usdbrl,2026-02-25,5.144,diaria,R$/US$
usdbrl,2026-02-26,5.1382,diaria,R$/US$
usdbrl,2026-02-27,5.1495,diaria,R$/US$
usdbrl,2026-03-02,5.2001,diaria,R$/US$
usdbrl,2026-03-03,5.287,diaria,R$/US$
usdbrl,2026-03-04,5.2091,diaria,R$/US$
usdbrl,2026-03-05,5.2447,diaria,R$/US$
usdbrl,2026-03-06,5.2878,diaria,R$/US$
usdbrl,2026-03-09,5.2139,diaria,R$/US$
usdbrl,2026-03-10,5.1622,diaria,R$/US$
usdbrl,2026-03-11,5.1596,diaria,R$/US$
usdbrl,2026-03-12,5.2051,diaria,R$/US$
usdbrl,2026-03-13,5.2541,diaria,R$/US$
usdbrl,2026-03-16,5.2647,diaria,R$/US$
usdbrl,2026-03-17,5.2022,diaria,R$/US$
usdbrl,2026-03-18,5.2112,diaria,R$/US$
usdbrl,2026-03-19,5.2587,diaria,R$/US$
usdbrl,2026-03-20,5.28,diaria,R$/US$
usdbrl,2026-03-23,5.244,diaria,R$/US$
usdbrl,2026-03-24,5.2599,diaria,R$/US$
usdbrl,2026-03-25,5.2275,diaria,R$/US$
usdbrl,2026-03-26,5.2308,diaria,R$/US$
usdbrl,2026-03-27,5.2376,diaria,R$/US$
usdbrl,2026-03-30,5.2353,diaria,R$/US$
usdbrl,2026-03-31,5.2194,diaria,R$/US$
usdbrl,2026-04-01,5.1606,diaria,R$/US$
usdbrl,2026-04-02,5.1655,diaria,R$/US$
usdbrl,2026-04-06,5.1532,diaria,R$/US$
usdbrl,2026-04-07,5.1625,diaria,R$/US$
usdbrl,2026-04-08,5.0899,diaria,R$/US$
usdbrl,2026-04-09,5.0821,diaria,R$/US$
usdbrl,2026-04-10,5.0229,diaria,R$/US$
usdbrl,2026-04-13,5.0244,diaria,R$/US$
usdbrl,2026-04-14,4.9806,diaria,R$/US$
usdbrl,2026-04-15,4.9928,diaria,R$/US$
usdbrl,2026-04-16,5.0007,diaria,R$/US$
usdbrl,2026-04-17,4.9695,diaria,R$/US$
usdbrl,2026-04-20,4.9844,diaria,R$/US$
usdbrl,2026-04-22,4.9653,diaria,R$/US$
usdbrl,2026-04-23,4.9539,diaria,R$/US$
usdbrl,2026-04-24,5.0083,diaria,R$/US$
usdbrl,2026-04-27,4.97,diaria,R$/US$
usdbrl,2026-04-28,4.9878,diaria,R$/US$
usdbrl,2026-04-29,4.9985,diaria,R$/US$
usdbrl,2026-04-30,4.9886,diaria,R$/US$
usdbrl,2026-05-04,4.9587,diaria,R$/US$
usdbrl,2026-05-05,4.9242,diaria,R$/US$
usdbrl,2026-05-06,4.9274,diaria,R$/US$
usdbrl,2026-05-07,4.917,diaria,R$/US$
usdbrl,2026-05-08,4.8999,diaria,R$/US$
usdbrl,2026-05-11,4.8973,diaria,R$/US$
usdbrl,2026-05-12,4.8977,diaria,R$/US$
usdbrl,2026-05-13,4.9118,diaria,R$/US$
usdbrl,2026-05-14,4.9809,diaria,R$/US$
usdbrl,2026-05-15,5.0654,diaria,R$/US$
usdbrl,2026-05-18,5.0093,diaria,R$/US$
usdbrl,2026-05-19,5.0378,diaria,R$/US$
usdbrl,2026-05-20,5.0301,diaria,R$/US$
usdbrl,2026-05-21,5.0077,diaria,R$/US$
usdbrl,2026-05-22,5.014,diaria,R$/US$
usdbrl,2026-05-25,5.0072,diaria,R$/US$
usdbrl,2026-05-26,5.0211,diaria,R$/US$
usdbrl,2026-05-27,5.0579,diaria,R$/US$
usdbrl,2026-05-28,5.0517,diaria,R$/US$
usdbrl,2026-05-29,5.0569,diaria,R$/US$
usdbrl,2026-06-01,5.0303,diaria,R$/US$
usdbrl,2026-06-02,5.016,diaria,R$/US$
usdbrl,2026-06-03,5.0415,diaria,R$/US$
usdbrl,2026-06-05,5.1244,diaria,R$/US$
usdbrl,2026-06-08,5.1695,diaria,R$/US$
usdbrl,2026-06-09,5.1693,diaria,R$/US$
usdbrl,2026-06-10,5.1763,diaria,R$/US$
usdbrl,2026-06-11,5.1478,diaria,R$/US$
usdbrl,2026-06-12,5.0827,diaria,R$/US$
usdbrl,2026-06-15,5.043,diaria,R$/US$
usdbrl,2026-06-16,5.078,diaria,R$/US$
usdbrl,2026-06-17,5.0641,diaria,R$/US$
usdbrl,2026-06-18,5.1613,diaria,R$/US$
usdbrl,2026-06-19,5.1442,diaria,R$/US$
usdbrl,2026-06-22,5.1395,diaria,R$/US$
usdbrl,2026-06-23,5.1743,diaria,R$/US$
usdbrl,2026-06-24,5.2098,diaria,R$/US$
usdbrl,2026-06-25,5.1892,diaria,R$/US$
usdbrl,2026-06-26,5.1695,diaria,R$/US$
usdbrl,2026-06-29,5.1717,diaria,R$/US$
usdbrl,2026-06-30,5.1766,diaria,R$/US$
usdbrl,2026-07-01,5.195,diaria,R$/US$
usdbrl,2026-07-02,5.1945,diaria,R$/US$
usdbrl,2026-07-03,5.1717,diaria,R$/US$
usdbrl,2026-07-06,5.167,diaria,R$/US$
usdbrl,2026-07-07,5.1458,diaria,R$/US$
usdbrl,2026-07-08,5.1552,diaria,R$/US$
usdbrl,2026-07-09,5.1329,diaria,R$/US$
usdbrl,2026-07-10,5.1088,diaria,R$/US$
usdbrl,2026-07-13,5.1183,diaria,R$/US$
usdbrl,2026-07-14,5.0742,diaria,R$/US$
usdbrl,2026-07-15,5.0727,diaria,R$/US$
usdbrl,2026-07-16,5.0975,diaria,R$/US$
usdbrl,2026-07-17,5.1176,diaria,R$/US$
usdbrl,2026-07-20,5.0894,diaria,R$/US$
usdbrl,2026-07-21,5.078,diaria,R$/US$
usdbrl,2026-07-22,5.0638,diaria,R$/US$
usdbrl,2026-07-23,5.0807,diaria,R$/US$
usdbrl,2026-07-24,5.0666,diaria,R$/US$
usdbrl,2026-07-27,5.1005,diaria,R$/US$
usdbrl,2026-07-28,5.1177,diaria,R$/US$
usdbrl,2026-07-29,5.1217,diaria,R$/US$
usdbrl,2026-07-30,5.0739,diaria,R$/US$
usdbrl,2026-07-31,5.0773,diaria,R$/US$
usdbrl,2026-08-03,5.0723,diaria,R$/US$
usdbrl,2026-08-04,5.1053,diaria,R$/US$
usdbrl,2026-08-05,5.1154,diaria,R$/US$
usdbrl,2026-08-06,5.1017,diaria,R$/US$
usdbrl,2026-08-07,5.0908,diaria,R$/US$
usdbrl,2026-08-10,5.0963,diaria,R$/US$
usdbrl,2026-08-11,5.1285,diaria,R$/US$
usdbrl,2026-08-12,5.1639,diaria,R$/US$
usdbrl,2026-08-13,5.1859,diaria,R$/US$
usdbrl,2026-08-14,5.2236,diaria,R$/US$
usdbrl,2026-08-17,5.2014,diaria,R$/US$
usdbrl,2026-08-18,5.2043,diaria,R$/US$
usdbrl,2026-08-19,5.1714,diaria,R$/US$
